match_id,season,start_date,venue,city,day_night,first_innings_runs,first_innings_balls,first_innings_rr,temp_c,humidity_pct,temp_c_anom_cohort,temp_c_venue_cohort_mean,temp_c_anom_venue_cohort,temp_c_venue_cohort_n,humidity_pct_anom_cohort,humidity_pct_venue_cohort_mean,humidity_pct_anom_venue_cohort,humidity_pct_venue_cohort_n
1254058,2021,2021-04-09,"MA Chidambaram Stadium, Chepauk, Chennai",Chennai,night,159,120,7.95,26.75263183656507,84.73684065927992,-1.4032784430371308,28.75942285384683,-2.00679101728176,31,21.608454136815,81.26145943597541,3.4753812233045096,31
1254059,2021,2021-04-10,"Wankhede Stadium, Mumbai",Mumbai,night,188,120,9.4,25.3631581407202,90.99999810526336,-2.792752138882001,27.884912324395195,-2.5217541836749966,45,27.871611582798437,79.34853774576797,11.651460359495388,45
1254060,2021,2021-04-11,"MA Chidambaram Stadium, Chepauk, Chennai",Chennai,night,187,120,9.35,27.29473702160663,84.99999905263168,-0.8611732579955707,28.75942285384683,-1.4646858322401997,31,21.871612530166757,81.26145943597541,3.7385396166562685,31
1254061,2021,2021-04-12,"Wankhede Stadium, Mumbai",Mumbai,night,221,120,11.05,27.057894941274217,89.42105153462616,-1.0980153383279827,27.884912324395195,-0.8270173831209782,45,26.292665012161237,79.34853774576797,10.072513788858188,45
1254062,2021,2021-04-13,"MA Chidambaram Stadium, Chepauk, Chennai",Chennai,night,152,120,7.6,27.689473885318538,83.31578817728546,-0.46643639428366157,28.75942285384683,-1.0699489685282906,31,20.187401654820533,81.26145943597541,2.0543287413100444,31
1254063,2021,2021-04-14,"MA Chidambaram Stadium, Chepauk, Chennai",Chennai,night,149,120,7.45,27.810526493628792,83.0526304155126,-0.34538378597340724,28.75942285384683,-0.9488963602180362,31,19.924243893047674,81.26145943597541,1.7911709795371848,31
1254064,2021,2021-04-15,"Wankhede Stadium, Mumbai",Mumbai,night,147,120,7.35,27.089473885318537,89.89473537950154,-1.066436394283663,27.884912324395195,-0.7954384390766585,45,26.76634885703662,79.34853774576797,10.54619763373357,45
1254065,2021,2021-04-16,"Wankhede Stadium, Mumbai",Mumbai,night,106,120,5.3,26.18947391689748,87.99999842105281,-1.9664363627047194,27.884912324395195,-1.695438407497715,45,24.871611898587886,79.34853774576797,8.651460675284838,45
1254066,2021,2021-04-17,"MA Chidambaram Stadium, Chepauk, Chennai",Chennai,night,150,120,7.5,28.036842332963968,83.84210401662064,-0.11906794663823206,28.75942285384683,-0.7225805208828611,31,20.713717494155716,81.26145943597541,2.5806445806452274,31
1254067,2021,2021-04-18,"MA Chidambaram Stadium, Chepauk, Chennai",Chennai,day,204,120,10.2,28.715789693074772,83.1578931412744,-1.7140913988562545,29.578947439058165,-0.8631577459833935,6,31.090830053257264,76.29824523176366,6.859647909510741,6
1254068,2021,2021-04-18,"Wankhede Stadium, Mumbai",Mumbai,night,195,120,9.75,26.642105500831,92.68420929639902,-1.513804778771199,27.884912324395195,-1.2428068235641945,45,29.555822773934096,79.34853774576797,13.335671550631048,45
1254069,2021,2021-04-19,"Wankhede Stadium, Mumbai",Mumbai,night,188,120,9.4,27.63684230138502,88.05263041551258,-0.5190679782171799,27.884912324395195,-0.24807002301017533,45,24.92424389304766,79.34853774576797,8.704092669744611,45
1254070,2021,2021-04-20,"MA Chidambaram Stadium, Chepauk, Chennai",Chennai,night,137,120,6.85,28.931579165096935,79.57894625484776,0.7756688854947349,28.75942285384683,0.1721563112501059,31,16.450559732382843,81.26145943597541,-1.6825131811276464,31
1254071,2021,2021-04-21,"MA Chidambaram Stadium, Chepauk, Chennai",Chennai,day,120,118,6.101694915254237,29.284210717451508,83.84210401662064,-1.1456703744795185,29.578947439058165,-0.2947367216066574,6,31.775040928603502,76.29824523176366,7.54385878485698,6
1254072,2021,2021-04-21,"Wankhede Stadium, Mumbai",Mumbai,night,220,120,11.0,27.384210654293618,86.4210518504156,-0.7716996253085817,27.884912324395195,-0.5007016701015772,45,23.292665327950672,79.34853774576797,7.072514104647624,45
1254073,2021,2021-04-22,"Wankhede Stadium, Mumbai",Mumbai,night,177,120,8.85,26.747368605540146,84.94736737396133,-1.4085416740620538,27.884912324395195,-1.1375437188550492,45,21.818980851496406,79.34853774576797,5.598829628193357,45
1254074,2021,2021-04-23,"MA Chidambaram Stadium, Chepauk, Chennai",Chennai,night,131,120,6.55,28.91052655678668,81.68420866482015,0.754616277184482,28.75942285384683,0.15110370293985298,31,18.555822142355225,81.26145943597541,0.42274922884473654,31
1254075,2021,2021-04-24,"Wankhede Stadium, Mumbai",Mumbai,night,133,120,6.65,25.326316060387782,85.68420898060958,-2.8295942192144174,27.884912324395195,-2.558596264007413,45,22.55582245814466,79.34853774576797,6.335671234841612,45
1254076,2021,2021-04-25,"Wankhede Stadium, Mumbai",Mumbai,day,191,120,9.55,26.17368441329638,90.99999842105281,-4.256196678634645,29.969590578639586,-3.7959061653432045,9,38.93293533303567,69.06432792305321,21.935670497999595,9
1254077,2021,2021-04-25,"MA Chidambaram Stadium, Chepauk, Chennai",Chennai,night,159,120,7.95,28.652631773407183,83.57894593905833,0.49672149380498354,28.75942285384683,-0.10679108043964547,31,20.450559416593407,81.26145943597541,2.317486503082918,31
1254078,2021,2021-04-26,"Narendra Modi Stadium, Ahmedabad",Ahmedabad,night,123,120,6.15,29.257895004432108,32.36842017174525,1.101984724829908,30.887594007696872,-1.629699003264765,28,-30.759966350719672,44.68796993134151,-12.319549759596264,28
1254079,2021,2021-04-27,"Narendra Modi Stadium, Ahmedabad",Ahmedabad,night,171,120,8.55,30.168421371745122,43.73684129085881,2.0125110921429226,30.887594007696872,-0.7191726359517503,28,-19.39154523160611,44.68796993134151,-0.9511286404827004,28
1254080,2021,2021-04-28,"Arun Jaitley Stadium, Delhi",Delhi,night,171,120,8.55,28.415790040443156,34.526314891966855,0.2598797608409562,28.066315817229917,0.34947422321323884,20,-28.602071630498067,44.70789481495844,-10.181579922991588,20
1254081,2021,2021-04-29,"Arun Jaitley Stadium, Delhi",Delhi,day,171,120,8.55,28.126316249861446,32.31578880886434,-2.30356484206958,29.925263325761755,-1.7989470759003083,5,-19.751274279152796,36.87368409750694,-4.557895288642598,5
1254082,2021,2021-04-29,"Narendra Modi Stadium, Ahmedabad",Ahmedabad,night,154,120,7.7,29.784210843767283,46.21052545152364,1.6283005641650838,30.887594007696872,-1.103383163929589,28,-16.917861070941285,44.68796993134151,1.5225555201821237,28
1254083,2021,2021-04-30,"Narendra Modi Stadium, Ahmedabad",Ahmedabad,night,179,120,8.95,29.373684444875323,57.47368321329651,1.2177741652731235,30.887594007696872,-1.5139095628215493,28,-5.654703309168411,44.68796993134151,12.785713281954997,28
1254084,2021,2021-05-01,"Arun Jaitley Stadium, Delhi",Delhi,night,218,120,10.9,28.326316155124616,44.526314891966855,0.17040587552241604,28.066315817229917,0.2600003378946987,20,-18.602071630498067,44.70789481495844,-0.1815799229915882,20
1254085,2021,2021-05-02,"Arun Jaitley Stadium, Delhi",Delhi,day,220,120,11.0,28.442105563988893,39.842104648199516,-1.9877755279421336,29.925263325761755,-1.483157761772862,5,-12.22495843981762,36.87368409750694,2.968420550692578,5
1254086,2021,2021-05-02,"Narendra Modi Stadium, Ahmedabad",Ahmedabad,night,166,120,8.3,30.51052652520773,46.47368416066483,2.3546162456055306,30.887594007696872,-0.37706748248914224,28,-16.65470236180009,44.68796993134151,1.7857142293233181,28
1254087,2021,2021-09-20,"Zayed Cricket Stadium, Abu Dhabi",Abu Dhabi,night,92,114,4.842105263157895,30.23157900720221,83.21052545152364,2.0756687276000108,31.882456138688827,-1.6508771314866166,6,20.082138929058715,69.45614037303785,13.754385078485782,6
1254088,2021,2021-10-08,"Zayed Cricket Stadium, Abu Dhabi",Abu Dhabi,night,235,120,11.75,32.205263104709154,69.26315839335174,4.049352825106954,31.882456138688827,0.32280696602032677,6,6.134771870886823,69.45614037303785,-0.19298197968610964,6
1254089,2021,2021-10-02,"Zayed Cricket Stadium, Abu Dhabi",Abu Dhabi,night,189,120,9.45,32.72105260831025,73.05263167867035,4.565142328708053,31.882456138688827,0.8385964696214252,6,9.92424515620543,69.45614037303785,3.5964913056324974,6
1254091,2021,2021-09-30,Sharjah Cricket Stadium,Sharjah,night,134,120,6.7,27.88947366426593,86.94736832132966,-0.26643661533626783,30.457894684131386,-2.568421019865454,7,23.81898179886474,68.92481179738823,18.022556523941432,7
1254093,2021,2021-10-05,Sharjah Cricket Stadium,Sharjah,night,90,120,4.5,32.10526310470915,69.47368447645427,3.9493528251069527,30.457894684131386,1.6473684205777666,7,6.345297953989345,68.92481179738823,0.5488726790660365,7
1254095,2021,2021-10-06,"Zayed Cricket Stadium, Abu Dhabi",Abu Dhabi,night,141,120,7.05,32.34736838448754,62.36842175069245,4.1914581048853385,31.882456138688827,0.46491224579871115,6,-0.7599647717724736,69.45614037303785,-7.087718622345406,6
1254096,2021,2021-09-23,"Zayed Cricket Stadium, Abu Dhabi",Abu Dhabi,night,155,120,7.75,31.11052639889196,64.42105216620504,2.95461611928976,31.882456138688827,-0.7719297397968674,6,1.292665643740122,69.45614037303785,-5.03508820683281,6
1254099,2021,2021-09-28,"Zayed Cricket Stadium, Abu Dhabi",Abu Dhabi,night,135,120,6.75,32.67894732853186,64.42105279778391,4.5230370489296625,31.882456138688827,0.7964911898430351,6,1.292666275318993,69.45614037303785,-5.0350875752539395,6
1254100,2021,2021-09-27,Dubai International Cricket Stadium,Dubai,night,164,120,8.2,28.973684223822715,73.15789440443217,0.8177739442205159,29.489912251061867,-0.5162280272391513,12,10.029507881967248,75.63157893351801,-2.473684529085844,12
1254101,2021,2021-10-08,Dubai International Cricket Stadium,Dubai,night,164,120,8.2,31.75263148919669,72.36842175069245,3.5967212095944916,29.489912251061867,2.2627192381348245,12,9.240035228227526,75.63157893351801,-3.263157182825566,12
1254102,2021,2021-10-01,Dubai International Cricket Stadium,Dubai,night,165,120,8.25,26.705263167867034,98.0,-1.4506471117351651,29.489912251061867,-2.7846490831948323,12,34.87161347753508,75.63157893351801,22.368421066481986,12
1254103,2021,2021-09-29,Dubai International Cricket Stadium,Dubai,night,149,120,7.45,29.03157894404432,87.26315776177287,0.8756686644421201,29.489912251061867,-0.45833330701754704,12,24.134771239307952,75.63157893351801,11.63157882825486,12
1254104,2021,2021-09-19,Dubai International Cricket Stadium,Dubai,night,156,120,7.8,26.463158014404417,72.05262915235483,-1.6927522651977824,29.489912251061867,-3.0267542366574496,12,8.924242629889903,75.63157893351801,-3.578949781163189,12
1254105,2021,2021-09-22,Dubai International Cricket Stadium,Dubai,night,134,120,6.7,27.710526335734066,86.84210496398894,-0.4453839438681335,29.489912251061867,-1.7793859153278007,12,23.713718441524023,75.63157893351801,11.21052603047093,12
1254106,2021,2021-10-07,Sharjah Cricket Stadium,Sharjah,night,171,120,8.55,31.95789465706372,65.94736895290853,3.801984377461519,30.457894684131386,1.4999999729323328,7,2.8189824304436115,68.92481179738823,-2.9774428444796968,7
1254107,2021,2021-09-25,Sharjah Cricket Stadium,Sharjah,night,125,120,6.25,29.578947454847633,85.68420992797792,1.4230371752454332,30.457894684131386,-0.878947229283753,7,22.555823405512996,68.92481179738823,16.759398130589688,7
1254108,2021,2021-09-26,Dubai International Cricket Stadium,Dubai,night,165,120,8.25,28.184210496398897,88.31578944044323,0.028300216796697697,29.489912251061867,-1.3057017546629694,12,25.187402917978304,75.63157893351801,12.684210506925211,12
1254109,2021,2021-10-03,Dubai International Cricket Stadium,Dubai,night,115,120,5.75,31.87368409750694,53.52631615512462,3.717773817904739,29.489912251061867,2.3837718464450717,12,-9.602070367340303,75.63157893351801,-22.105262778393396,12
1254110,2021,2021-10-04,Dubai International Cricket Stadium,Dubai,night,136,120,6.8,32.06315782493076,59.10526398891958,3.9072475453285627,29.489912251061867,2.5732455738688955,12,-4.02312253354534,75.63157893351801,-16.526314944598433,12
1254111,2021,2021-09-21,Dubai International Cricket Stadium,Dubai,night,185,120,9.25,28.363158014404416,89.7894732853186,0.20724773480221614,29.489912251061867,-1.126754236657451,12,26.661086762853685,75.63157893351801,14.157894351800593,12
1254113,2021,2021-09-24,Sharjah Cricket Stadium,Sharjah,night,156,120,7.8,27.315789566758994,75.84210496398896,-0.8401207128432056,30.457894684131386,-3.1421051173723917,7,12.713718441524037,68.92481179738823,6.917293166600729,7
1254114,2021,2021-10-10,Dubai International Cricket Stadium,Dubai,night,172,120,8.6,32.268420929639895,57.2105267146814,4.112510650037695,29.489912251061867,2.778508678578028,12,-5.917859807783522,75.63157893351801,-18.421052218836614,12
1254115,2021,2021-10-11,Sharjah Cricket Stadium,Sharjah,night,138,120,6.9,32.86842086648201,41.736839711911614,4.712510586879812,30.457894684131386,2.410526182350626,7,-21.391546810553308,68.92481179738823,-27.187972085476616,7
1254116,2021,2021-10-13,Sharjah Cricket Stadium,Sharjah,night,135,120,6.75,31.489473474792263,56.842106227146715,3.333563195190063,30.457894684131386,1.0315787906608769,7,-6.286280295318207,68.92481179738823,-12.082705570241515,7
1254117,2021,2021-10-15,Dubai International Cricket Stadium,Dubai,night,192,120,9.6,30.489473474792266,69.9473695844874,2.3335631951900666,29.489912251061867,0.9995612237303995,12,6.8189830620224825,75.63157893351801,-5.68420934903061,12
1304047,2022,2022-03-26,"Wankhede Stadium, Mumbai",Mumbai,night,131,120,6.55,26.14210524819945,88.31578944044323,-2.0138050314027502,27.884912324395195,-1.7428070761957457,45,25.187402917978304,79.34853774576797,8.967251694675255,45
1304048,2022,2022-03-27,"Brabourne Stadium, Mumbai",Mumbai,day,177,120,8.85,29.4157892825485,64.05263294182811,-1.0140918093825277,29.996052466205004,-0.5802631836565055,4,11.985569853810972,65.68421158587246,-1.6315786440443532,4
1304049,2022,2022-03-27,"Dr DY Patil Sports Academy, Mumbai",Mumbai,night,205,120,10.25,26.099999936842117,89.89473695844875,-2.0559103427600824,28.23717098687674,-2.137171050034624,16,26.766350435983824,80.26644779432128,9.628289164127466,16
1304050,2022,2022-03-28,"Wankhede Stadium, Mumbai",Mumbai,night,158,120,7.9,26.268420929639902,89.89473727423818,-1.8874893499622978,27.884912324395195,-1.6164913947552932,45,26.76635075177326,79.34853774576797,10.546199528470211,45
1304051,2022,2022-03-29,"Maharashtra Cricket Association Stadium, Pune",Pune,night,210,120,10.5,29.15263136288091,33.15789503601105,0.996721083278711,27.725910749499274,1.4267206133816366,13,-29.970491486453874,57.31174167568712,-24.15384663967607,13
1304052,2022,2022-03-30,"Dr DY Patil Sports Academy, Mumbai",Mumbai,night,128,113,6.79646017699115,26.589473632686985,82.00000031578945,-1.5664366469152142,28.23717098687674,-1.6476973541897557,16,18.871613793324528,80.26644779432128,1.7335525214681695,16
1304053,2022,2022-03-31,"Brabourne Stadium, Mumbai",Mumbai,night,210,120,10.5,24.747368289750707,90.57894783379497,-3.408541989851493,27.79254379289013,-3.045175503139422,12,27.45056131133005,81.66228111449674,8.916666719298235,12
1304054,2022,2022-04-01,"Wankhede Stadium, Mumbai",Mumbai,night,137,110,7.472727272727273,25.794736768975078,94.10526335734072,-2.361173510627122,27.884912324395195,-2.0901755554201173,45,30.976876834875796,79.34853774576797,14.756725611572747,45
1304055,2022,2022-04-02,"Dr DY Patil Sports Academy, Mumbai",Mumbai,day,193,120,9.65,29.047368258171765,61.26315902493063,-1.382512833759261,30.88421035429365,-1.8368420961218845,4,9.196095936913494,60.81579038781154,0.4473686371190908,4
1304056,2022,2022-04-02,"Maharashtra Cricket Association Stadium, Pune",Pune,night,171,120,8.55,26.515789282548496,60.73684286980602,-1.6401209970537032,27.725910749499274,-1.2101214669507776,13,-2.3915436526589033,57.31174167568712,3.425101194118902,13
1304057,2022,2022-04-03,"Brabourne Stadium, Mumbai",Mumbai,night,180,120,9.0,26.494736705817186,86.10526398891959,-1.661173573785014,27.79254379289013,-1.2978070870729432,12,22.976877466454667,81.66228111449674,4.442982874422853,12
1304058,2022,2022-04-04,"Dr DY Patil Sports Academy, Mumbai",Mumbai,night,169,120,8.45,26.863157824930756,89.368421434903,-1.2927524546714437,28.23717098687674,-1.3740131619459852,16,26.240034912438077,80.26644779432128,9.101973640581718,16
1304059,2022,2022-04-05,"Wankhede Stadium, Mumbai",Mumbai,night,169,120,8.45,27.136842111911356,87.94736832132965,-1.0190681676908433,27.884912324395195,-0.7480702124838388,45,24.818981798864726,79.34853774576797,8.598830575561678,45
1304060,2022,2022-04-06,"Maharashtra Cricket Association Stadium, Pune",Pune,night,161,120,8.05,27.38421037008312,66.94736895290853,-0.7716999095190786,27.725910749499274,-0.34170037941615305,13,3.8189824304436115,57.31174167568712,9.635627277221417,13
1304061,2022,2022-04-07,"Dr DY Patil Sports Academy, Mumbai",Mumbai,night,149,120,7.45,27.47368419224377,88.68421055955679,-0.6822260873584298,28.23717098687674,-0.7634867946329713,16,25.555824037091867,80.26644779432128,8.417762765235508,16
1304062,2022,2022-04-08,"Brabourne Stadium, Mumbai",Mumbai,night,189,120,9.45,27.39999996842106,90.1052633573407,-0.7559103111811396,27.79254379289013,-0.3925438244690689,12,26.97687683487578,81.66228111449674,8.442982242843968,12
1304063,2022,2022-04-09,"Dr DY Patil Sports Academy, Mumbai",Mumbai,day,154,120,7.7,30.13684195401664,72.68421119113567,-0.29303913791438774,30.88421035429365,-0.7473684002770113,4,20.617148103118538,60.81579038781154,11.868420803324135,4
1304064,2022,2022-04-09,"Maharashtra Cricket Association Stadium, Pune",Pune,night,151,120,7.55,26.678947233795032,67.36842175069245,-1.4769630458071674,27.725910749499274,-1.0469635157042418,13,4.240035228227526,57.31174167568712,10.056680075005332,13
1304065,2022,2022-04-10,"Brabourne Stadium, Mumbai",Mumbai,day,215,120,10.75,30.284210338504177,60.31579070360098,-0.14567075342684888,29.996052466205004,0.28815787229917333,4,8.248727615583846,65.68421158587246,-5.368420882271479,4
1304066,2022,2022-04-10,"Wankhede Stadium, Mumbai",Mumbai,night,165,120,8.25,27.33157897562327,80.0526313628809,-0.82433130397893,27.884912324395195,-0.5533333487719254,45,16.92424484041598,79.34853774576797,0.7040936171129317,45
1304067,2022,2022-04-11,"Dr DY Patil Sports Academy, Mumbai",Mumbai,night,162,120,8.1,27.047368289750704,85.73684286980601,-1.1085419898514957,28.23717098687674,-1.1898026971260371,16,22.60845634734109,80.26644779432128,5.470395075484731,16
1304068,2022,2022-04-12,"Dr DY Patil Sports Academy, Mumbai",Mumbai,night,216,120,10.8,27.810526209418292,82.78947454847636,-0.3453840701839077,28.23717098687674,-0.4266447774584492,16,19.66108802601144,80.26644779432128,2.523026754155083,16
1304069,2022,2022-04-13,"Maharashtra Cricket Association Stadium, Pune",Pune,night,198,120,9.9,30.610526083102517,34.473685108033145,2.4546158035003174,27.725910749499274,2.884615333603243,13,-28.654701414431777,57.31174167568712,-22.83805656765397,13
1304070,2022,2022-04-14,"Dr DY Patil Sports Academy, Mumbai",Mumbai,night,192,120,9.6,27.578947296952915,86.94736895290853,-0.5769629826492846,28.23717098687674,-0.6582236899238261,16,23.81898243044361,80.26644779432128,6.680921158587253,16
1304071,2022,2022-04-15,"Brabourne Stadium, Mumbai",Mumbai,night,175,120,8.75,26.642105185041558,80.00000031578944,-1.5138050945606416,27.79254379289013,-1.1504386078485709,12,16.871613793324514,81.66228111449674,-1.6622807987073003,12
1304072,2022,2022-04-16,"Brabourne Stadium, Mumbai",Mumbai,day,199,120,9.95,29.442105121883674,68.78947454847636,-0.9877759700473518,29.996052466205004,-0.5539473443213296,4,16.722411460459227,65.68421158587246,3.105262962603902,4
1304073,2022,2022-04-16,"Wankhede Stadium, Mumbai",Mumbai,night,189,120,9.45,26.268420961218844,89.5263161551246,-1.8874893183833557,27.884912324395195,-1.6164913631763511,45,26.397929632659682,79.34853774576797,10.177778409356634,45
1304074,2022,2022-04-17,"Dr DY Patil Sports Academy, Mumbai",Mumbai,day,151,120,7.55,29.847368258171766,63.57894846537385,-0.5825128337592602,30.88421035429365,-1.0368420961218838,4,11.511885377356712,60.81579038781154,2.7631580775623092,4
1304075,2022,2022-04-17,"Maharashtra Cricket Association Stadium, Pune",Pune,night,169,120,8.45,26.610526146260405,50.52631647091406,-1.5453841333417948,27.725910749499274,-1.1153846032388692,13,-12.60207005155086,57.31174167568712,-6.785425204773055,13
1304076,2022,2022-04-18,"Brabourne Stadium, Mumbai",Mumbai,night,217,120,10.85,27.23157881772855,80.78947454847636,-0.9243314618736491,27.79254379289013,-0.5609649751615784,12,17.66108802601144,81.66228111449674,-0.8728065660203725,12
1304077,2022,2022-04-19,"Dr DY Patil Sports Academy, Mumbai",Mumbai,night,181,120,9.05,27.621052576731312,81.52631647091405,-0.5348577028708874,28.23717098687674,-0.6161184101454289,16,18.397929948449132,80.26644779432128,1.2598686765927738,16
1304078,2022,2022-04-20,"Brabourne Stadium, Mumbai",Mumbai,night,115,120,5.75,29.542105216620506,71.73684223822714,1.3861949370183062,27.79254379289013,1.749561423730377,12,8.608455715762219,81.66228111449674,-9.925438876269595,12
1304079,2022,2022-04-21,"Dr DY Patil Sports Academy, Mumbai",Navi Mumbai,night,155,120,7.75,32.00526300997231,41.263158709141194,3.8493527303701107,28.23717098687674,3.7680920230955692,16,-21.865227813323727,80.26644779432128,-39.003289085180086,16
1304080,2022,2022-04-22,"Wankhede Stadium, Mumbai",Mumbai,night,222,120,11.1,30.663157730193923,54.89473695844874,2.5072474505917235,27.884912324395195,2.778245405798728,45,-8.233649564016183,79.34853774576797,-24.45380078731923,45
1304081,2022,2022-04-23,"Dr DY Patil Sports Academy, Mumbai",Navi Mumbai,day,156,120,7.8,34.505262946814426,45.73684286980601,4.0753818548834,30.88421035429365,3.621052592520776,4,-6.3302202182111245,60.81579038781154,-15.078947518005528,4
1304082,2022,2022-04-23,"Brabourne Stadium, Mumbai",Mumbai,night,68,97,4.206185567010309,29.29473676897508,82.21052703047084,1.1388264893728817,27.79254379289013,1.5021929760849524,12,19.08214050800592,81.66228111449674,0.5482459159741069,12
1304083,2022,2022-04-24,"Wankhede Stadium, Mumbai",Mumbai,night,168,120,8.4,28.689473632686987,82.52631615512462,0.5335633530847872,27.884912324395195,0.8045613082917917,45,19.397929632659697,79.34853774576797,3.177778409356648,45
1304084,2022,2022-04-25,"Wankhede Stadium, Mumbai",Mumbai,night,187,120,9.35,30.11578937728533,62.6842115069251,1.9598790976831317,27.884912324395195,2.2308770528901363,45,-0.44417501553981964,79.34853774576797,-16.664326238842868,45
1304085,2022,2022-04-26,"Maharashtra Cricket Association Stadium, Pune",Pune,night,144,120,7.2,29.610526146260405,47.10526398891958,1.4546158666582052,27.725910749499274,1.8846153967611308,13,-16.02312253354534,57.31174167568712,-10.206477686767535,13
1304086,2022,2022-04-27,"Wankhede Stadium, Mumbai",Mumbai,night,195,120,9.75,31.352631489196686,50.52631647091406,3.196721209594486,27.884912324395195,3.4677191648014905,45,-12.60207005155086,79.34853774576797,-28.82222127485391,45
1304087,2022,2022-04-28,"Wankhede Stadium, Mumbai",Mumbai,night,146,120,7.3,29.03684204875347,83.05263199445979,0.880931769151271,27.884912324395195,1.1519297243582756,45,19.924245471994865,79.34853774576797,3.704094248691817,45
1304088,2022,2022-04-29,"Maharashtra Cricket Association Stadium, Pune",Pune,night,153,120,7.65,29.442105058725787,55.63157982825476,1.286194779123587,27.725910749499274,1.7161943092265126,13,-7.496806694210164,57.31174167568712,-1.680161847432359,13
1304089,2022,2022-04-30,"Brabourne Stadium, Mumbai",Mumbai,day,170,120,8.5,30.84210512188367,69.5789481495844,0.4122240299526432,29.996052466205004,0.8460526556786654,4,17.51188506156727,65.68421158587246,3.8947365637119447,4
1304090,2022,2022-04-30,"Dr DY Patil Sports Academy, Mumbai",Navi Mumbai,night,158,120,7.9,28.42105257673131,82.57894783379496,0.26514229712910975,28.23717098687674,0.18388158985456826,16,19.450561311330034,80.26644779432128,2.312500039473676,16
1304091,2022,2022-05-01,"Wankhede Stadium, Mumbai",Mumbai,day,195,120,9.75,30.84210512188367,71.78947454847636,0.4122240299526432,29.969590578639586,0.8725145432440833,9,19.722411460459227,69.06432792305321,2.7251466254231502,9
1304092,2022,2022-05-01,"Maharashtra Cricket Association Stadium, Pune",Pune,night,202,120,10.1,27.363157667036035,55.52631710249294,-0.792752612566165,27.725910749499274,-0.36275308246323945,13,-7.602069419971983,57.31174167568712,-1.7854245731941774,13
1304093,2022,2022-05-02,"Wankhede Stadium, Mumbai",Mumbai,night,152,120,7.6,29.16842099279779,78.4736847922437,1.0125107131955922,27.884912324395195,1.2835086684025967,45,15.34529826977878,79.34853774576797,-0.8748529535242682,45
1304094,2022,2022-05-03,"Dr DY Patil Sports Academy, Mumbai",Navi Mumbai,night,143,120,7.15,28.805263073130202,79.57894783379496,0.6493527935280028,28.23717098687674,0.5680920862534613,16,16.450561311330034,80.26644779432128,-0.6874999605263241,16
1304095,2022,2022-05-04,"Maharashtra Cricket Association Stadium, Pune",Pune,night,173,120,8.65,27.615789250969552,55.6842115069251,-0.5401210286326474,27.725910749499274,-0.11012149852972186,13,-7.44417501553982,57.31174167568712,-1.6275301687620143,13
1304096,2022,2022-05-05,"Brabourne Stadium, Mumbai",Mumbai,night,207,120,10.35,27.89473680055402,87.15789503601104,-0.26117347904817834,27.79254379289013,0.10219300766389239,12,24.02950851354612,81.66228111449674,5.495613921514305,12
1304097,2022,2022-05-06,"Brabourne Stadium, Mumbai",Mumbai,night,177,120,8.85,27.99473676897508,83.52631647091405,-0.16117351062711904,27.79254379289013,0.20219297608495168,12,20.397929948449132,81.66228111449674,1.8640353564173182,12
1304098,2022,2022-05-07,"Wankhede Stadium, Mumbai",Mumbai,day,189,120,9.45,31.152631426038795,65.47368510803315,0.7227503341077686,29.969590578639586,1.1830408473992087,9,13.406622020016016,69.06432792305321,-3.590642815020061,9
1304099,2022,2022-05-07,"Maharashtra Cricket Association Stadium, Pune",Pune,night,176,120,8.8,27.26315776177287,73.21052671468141,-0.8927525178293294,27.725910749499274,-0.46275298772640383,13,10.082140192216485,57.31174167568712,15.89878503899429,13
1304100,2022,2022-05-08,"Wankhede Stadium, Mumbai",Mumbai,day,192,120,9.6,31.136841922437693,68.8947382216065,0.7069608305066666,29.969590578639586,1.1672513437981067,9,16.827675133589366,69.06432792305321,-0.1695897014467107,9
1304101,2022,2022-05-08,"Dr DY Patil Sports Academy, Mumbai",Navi Mumbai,night,208,120,10.4,29.24210518504156,81.05263199445979,1.0861949054393598,28.23717098687674,1.0049341981648183,16,17.924245471994865,80.26644779432128,0.7861842001385071,16
1304102,2022,2022-05-09,"Dr DY Patil Sports Academy, Mumbai",Navi Mumbai,night,165,120,8.25,29.078947360110806,79.68421055955679,0.9230370805086068,28.23717098687674,0.8417763732340653,16,16.555824037091867,80.26644779432128,-0.5822372347644915,16
1304103,2022,2022-05-10,"Maharashtra Cricket Association Stadium, Pune",Pune,night,144,120,7.2,26.084210433241005,76.00000031578945,-2.071699846361195,27.725910749499274,-1.6417003162582695,13,12.871613793324528,57.31174167568712,18.688258640102333,13
1304104,2022,2022-05-11,"Dr DY Patil Sports Academy, Mumbai",Navi Mumbai,night,160,120,8.0,29.799999968421062,73.63157919667589,1.6440896888188625,28.23717098687674,1.562828981544321,16,10.503192674210965,80.26644779432128,-6.634868597645394,16
1304105,2022,2022-05-12,"Wankhede Stadium, Mumbai",Mumbai,night,97,96,6.0625,29.242105248199444,76.15789472022162,1.086194968597244,27.884912324395195,1.3571929238042486,45,13.029508197756698,79.34853774576797,-3.1906430255463505,45
1304106,2022,2022-05-13,"Brabourne Stadium, Mumbai",Mumbai,night,209,120,10.45,28.878947328531865,76.31578975623266,0.7230370489296654,27.79254379289013,1.086403535641736,12,13.18740323376774,81.66228111449674,-5.346491358264075,12
1304107,2022,2022-05-14,"Maharashtra Cricket Association Stadium, Pune",Pune,night,177,120,8.85,26.105262946814424,68.68421213850398,-2.0506473327877757,27.725910749499274,-1.62064780268485,13,5.5558256160390584,57.31174167568712,11.372470462816864,13
1304108,2022,2022-05-15,"Wankhede Stadium, Mumbai",Mumbai,day,133,120,6.65,30.636841985595577,68.94736895290853,0.20696089366455084,29.969590578639586,0.6672514069559909,9,16.880305864891398,69.06432792305321,-0.1169589701446796,9
1304109,2022,2022-05-15,"Brabourne Stadium, Mumbai",Mumbai,night,178,120,8.9,28.715789440443213,79.57894751800552,0.5598791608410139,27.79254379289013,0.9232456475530846,12,16.4505609955406,81.66228111449674,-2.083333596491215,12
1304110,2022,2022-05-16,"Dr DY Patil Sports Academy, Mumbai",Navi Mumbai,night,159,120,7.95,28.621052576731312,81.57894783379497,0.4651422971291126,28.23717098687674,0.3838815898545711,16,18.45056131133005,80.26644779432128,1.31250003947369,16
1304111,2022,2022-05-17,"Wankhede Stadium, Mumbai",Mumbai,night,193,120,9.65,28.79999996842106,79.57894751800552,0.644089688818859,27.884912324395195,0.9150876440258635,45,16.4505609955406,79.34853774576797,0.23040977223755021,45
1304112,2022,2022-05-18,"Dr DY Patil Sports Academy, Mumbai",Navi Mumbai,night,210,120,10.5,28.736842080332416,77.9473686371191,0.580931800730216,28.23717098687674,0.4996710934556745,16,14.818982114654176,80.26644779432128,-2.3190791572021823,16
1304113,2022,2022-05-19,"Wankhede Stadium, Mumbai",Mumbai,night,168,120,8.4,28.78947366426593,78.36842111911358,0.6335633846637307,27.884912324395195,0.9045613398707353,45,15.240034596648655,79.34853774576797,-0.980116626654393,45
1304114,2022,2022-05-20,"Brabourne Stadium, Mumbai",Mumbai,night,150,120,7.5,28.67368422382271,71.8421052797784,0.5177739442205116,27.79254379289013,0.8811404309325823,12,8.713718757313472,81.66228111449674,-9.820175834718341,12
1304115,2022,2022-05-21,"Wankhede Stadium, Mumbai",Mumbai,night,159,120,7.95,29.68947366426593,67.63157919667589,1.5335633846637293,27.884912324395195,1.8045613398707339,45,4.503192674210965,79.34853774576797,-11.716958549092084,45
1304116,2022,2022-05-22,"Wankhede Stadium, Mumbai",Mumbai,night,157,120,7.85,29.40526313628809,72.42105279778391,1.249352856685892,27.884912324395195,1.5203508118928966,45,9.292666275318993,79.34853774576797,-6.9274849479840555,45
1312197,2022,2022-05-24,"Eden Gardens, Kolkata",Kolkata,night,188,120,9.4,27.436842111911357,82.84210559556784,-0.7190681676908426,28.167631587091414,-0.7307894751800568,20,19.713719073102922,77.328947533795,5.513158061772842,20
1312198,2022,2022-05-25,"Eden Gardens, Kolkata",Kolkata,night,207,120,10.35,25.884210433241005,80.00000031578944,-2.2716998463611944,28.167631587091414,-2.2834211538504086,20,16.871613793324514,77.328947533795,2.671052781994433,20
1312199,2022,2022-05-27,"Narendra Modi Stadium, Ahmedabad",Ahmedabad,night,157,120,7.85,30.547368321329653,63.47368479224371,2.3914580417274536,30.887594007696872,-0.3402256863672193,28,0.3452982697787874,44.68796993134151,18.785714860902196,28
1312200,2022,2022-05-29,"Narendra Modi Stadium, Ahmedabad",Ahmedabad,night,130,120,6.5,30.621052545152363,62.315790072022104,2.4651422655501634,30.887594007696872,-0.2665414625445095,28,-0.8125964504428183,44.68796993134151,17.62782014068059,28
1359475,2023,2023-03-31,"Narendra Modi Stadium, Ahmedabad",Ahmedabad,night,178,120,8.9,26.852631457617747,43.68421213850398,-1.3032788219844527,30.887594007696872,-4.0349625500791255,28,-19.44417438396094,44.68796993134151,-1.0037577928375327,28
1359476,2023,2023-04-01,"Punjab Cricket Association IS Bindra Stadium, Mohali, Chandigarh",Chandigarh,day,191,120,9.55,20.8263157130194,66.89473727423818,-9.603565378911625,24.549999873684225,-3.723684160664824,2,14.827674186221046,52.18421119113567,14.710526083102515,2
1359477,2023,2023-04-01,"Bharat Ratna Shri Atal Bihari Vajpayee Ekana Cricket Stadium, Lucknow",Lucknow,night,193,120,9.65,20.526315649861512,74.63157982825476,-7.629594629740687,28.389210580083095,-7.862894930221582,20,11.503193305789836,39.68157900720221,34.95000082105255,20
1359478,2023,2023-04-02,"Rajiv Gandhi International Stadium, Uppal, Hyderabad",Hyderabad,day,203,120,10.15,31.757894436011117,30.42105374515224,1.328013344080091,31.214736667922455,0.5431577680886619,5,-21.646009342864897,46.10526348365648,-15.68420973850424,5
1359479,2023,2023-04-02,"M Chinnaswamy Stadium, Bengaluru",Bengaluru,night,171,120,8.55,24.70526294681443,54.15789629916881,-3.4506473327877707,25.554293651902608,-0.8490307050881789,19,-8.97049022329611,59.65650960956409,-5.498613310395278,19
1359480,2023,2023-04-03,"MA Chidambaram Stadium, Chepauk, Chennai",Chennai,night,217,120,10.85,27.78947366426593,85.05263167867037,-0.36643661533626926,28.75942285384683,-0.9699491895808983,31,21.924245156205444,81.26145943597541,3.7911722426949552,31
1359481,2023,2023-04-04,"Arun Jaitley Stadium, Delhi",Delhi,night,162,120,8.1,22.784210338504177,50.05263231024924,-5.371699941098022,28.066315817229917,-5.2821054787257395,20,-13.075754212215685,44.70789481495844,5.344737495290794,20
1359482,2023,2023-04-05,"Barsapara Cricket Stadium, Guwahati",Guwahati,night,197,120,9.85,20.85263148919669,93.89473695844875,-7.3032787904055105,22.632330789077965,-1.7796992998812762,7,30.766350435983824,86.38345869647803,7.511278261970716,7
1359483,2023,2023-04-06,"Eden Gardens, Kolkata",Kolkata,night,204,120,10.2,26.53684204875347,57.368422698060776,-1.619068230848729,28.167631587091414,-1.6307895383379432,20,-5.759963824404146,77.328947533795,-19.960524835734226,20
1359484,2023,2023-04-07,"Bharat Ratna Shri Atal Bihari Vajpayee Ekana Cricket Stadium, Lucknow",Lucknow,night,121,120,6.05,23.578947202216085,31.26315807756231,-4.5769630773861145,28.389210580083095,-4.81026337786701,20,-31.865228444902613,39.68157900720221,-8.4184209296399,20
1359485,2023,2023-04-08,"Barsapara Cricket Stadium, Guwahati",Guwahati,day,199,120,9.95,27.331578880886433,67.52631552354573,-3.0983022110445937,30.429881091931026,-3.0983022110445937,1,15.459252435528597,52.067063088017136,15.459252435528597,1
1359486,2023,2023-04-08,"Wankhede Stadium, Mumbai",Mumbai,night,157,120,7.85,28.21052624099724,67.89473695844875,0.0546159613950401,27.884912324395195,0.32561391660204464,45,4.766350435983824,79.34853774576797,-11.453800787319224,45
1359487,2023,2023-04-09,"Narendra Modi Stadium, Ahmedabad",Ahmedabad,day,204,120,10.2,37.6157892825485,15.421052797783917,7.1859081906174715,35.481578917728534,2.134210364819964,6,-36.64601029023322,24.98245600184674,-9.561403204062822,6
1359488,2023,2023-04-09,"Rajiv Gandhi International Stadium, Uppal, Hyderabad",Hyderabad,night,143,120,7.15,26.29999987368422,44.94736895290853,-1.855910405917978,29.144078949965376,-2.8440790762811545,16,-18.18101756955639,43.7302630612881,1.2171058916204345,16
1359489,2023,2023-04-10,"M Chinnaswamy Stadium, Bengaluru",Bengaluru,night,212,120,10.6,25.54736828975071,47.894737590027624,-2.6085419898514886,25.554293651902608,-0.006925362151896763,19,-15.233648932437298,59.65650960956409,-11.761772019536465,19
1359490,2023,2023-04-11,"Arun Jaitley Stadium, Delhi",Delhi,night,172,118,8.745762711864407,28.836841954016638,22.105263357340704,0.6809316744144382,28.066315817229917,0.7705261367867209,20,-41.02312316512422,44.70789481495844,-22.60263145761774,20
1359491,2023,2023-04-12,"MA Chidambaram Stadium, Chepauk, Chennai",Chennai,night,175,120,8.75,27.152631520775632,89.368421434903,-1.0032787588265677,28.75942285384683,-1.6067913330711967,31,26.240034912438077,81.26145943597541,8.106961998927588,31
1359492,2023,2023-04-13,"Punjab Cricket Association IS Bindra Stadium, Mohali, Chandigarh",Chandigarh,night,153,120,7.65,26.16315776177287,35.31578975623266,-1.9927525178293308,23.41403494589106,2.749122815881808,3,-27.81259676623226,53.771930129270515,-18.456140373037854,3
1359493,2023,2023-04-14,"Eden Gardens, Kolkata",Kolkata,night,228,120,11.4,30.521052450415535,54.21052734626028,2.3651421708133356,28.167631587091414,2.3534208633241214,20,-8.917859176204644,77.328947533795,-23.118420187534724,20
1359494,2023,2023-04-15,"M Chinnaswamy Stadium, Bengaluru",Bengaluru,day,174,120,8.7,31.852631299723022,21.578947833794967,1.4227502077919958,31.802631315512492,0.04999998421052965,2,-30.48811525422217,26.000000631578885,-4.4210527977839185,2
1359495,2023,2023-04-15,"Bharat Ratna Shri Atal Bihari Vajpayee Ekana Cricket Stadium, Lucknow",Lucknow,night,159,120,7.95,30.410526272576185,26.94736832132965,2.254615992973985,28.389210580083095,2.02131569249309,20,-36.181018201135274,39.68157900720221,-12.734210685872558,20
1359496,2023,2023-04-16,"Wankhede Stadium, Mumbai",Mumbai,day,185,120,9.25,30.5157892825485,62.78947518005525,0.08590819061747368,29.969590578639586,0.5461987039089138,9,10.722412092038113,69.06432792305321,-6.274852742997965,9
1359497,2023,2023-04-16,"Narendra Modi Stadium, Ahmedabad",Ahmedabad,night,177,120,8.85,31.499999873684224,22.736842238227137,3.3440895940820248,30.887594007696872,0.6124058659873519,28,-40.39154428423778,44.68796993134151,-21.951127693114376,28
1359498,2023,2023-04-17,"M Chinnaswamy Stadium, Bengaluru",Bengaluru,night,226,120,11.3,26.31578934570638,29.15789503601105,-1.8401209338958182,25.554293651902608,0.7614956938037736,19,-33.970491486453874,59.65650960956409,-30.49861457355304,19
1359499,2023,2023-04-18,"Rajiv Gandhi International Stadium, Uppal, Hyderabad",Hyderabad,night,192,120,9.6,28.9789471390582,30.947369268697972,0.8230368594559998,29.144078949965376,-0.16513181090717666,16,-32.18101725376695,43.7302630612881,-12.782893792590126,16
1359500,2023,2023-04-19,"Sawai Mansingh Stadium, Jaipur",Jaipur,night,154,120,7.7,30.394736674238246,23.05263199445979,2.238826394636046,29.400809730279143,0.993926943959103,13,-40.075754528005135,27.9635629512039,-4.91093095674411,13
1359501,2023,2023-04-20,"Punjab Cricket Association IS Bindra Stadium, Mohali, Chandigarh",Chandigarh,day,174,120,8.7,28.27368403434905,37.47368510803315,-2.156197057581977,24.549999873684225,3.723684160664824,2,-14.593377979983984,52.18421119113567,-14.710526083102515,2
1359502,2023,2023-04-20,"Arun Jaitley Stadium, Delhi",Delhi,night,127,120,6.35,26.278947233795027,49.84210591135727,-1.876963045807173,28.066315817229917,-1.7873685834348905,20,-13.28628061110765,44.70789481495844,5.134211096398829,20
1359503,2023,2023-04-21,"MA Chidambaram Stadium, Chepauk, Chennai",Chennai,night,134,120,6.7,29.336842080332413,87.52631583933518,1.1809318007302139,28.75942285384683,0.5774192264855849,31,24.39792931687026,81.26145943597541,6.264856403359772,31
1359504,2023,2023-04-22,"Bharat Ratna Shri Atal Bihari Vajpayee Ekana Cricket Stadium, Lucknow",Lucknow,day,135,120,6.75,34.089473316897546,19.473685108033145,3.65959222496652,31.163157714404456,2.9263156024930908,4,-32.59337797998399,39.82894783379497,-20.355262725761825,4
1359505,2023,2023-04-22,"Wankhede Stadium, Mumbai",Mumbai,night,214,120,10.7,26.95789468864266,81.94736895290853,-1.198015590959539,27.884912324395195,-0.9270176357525344,45,18.81898243044361,79.34853774576797,2.598831207140563,45
1359506,2023,2023-04-23,"M Chinnaswamy Stadium, Bengaluru",Bengaluru,day,189,120,9.45,31.75263133130196,30.4210534293628,1.322750239370933,31.802631315512492,-0.0499999842105332,2,-21.646009658654336,26.000000631578885,4.421052797783915,2
1359507,2023,2023-04-23,"Eden Gardens, Kolkata",Kolkata,night,235,120,11.75,25.91052624099724,78.78947391689748,-2.2453840386049606,28.167631587091414,-2.257105346094175,20,15.661087394432556,77.328947533795,1.4605263831024757,20
1359508,2023,2023-04-24,"Rajiv Gandhi International Stadium, Uppal, Hyderabad",Hyderabad,night,144,120,7.2,28.005263041551256,54.26315870914119,-0.1506472380509436,29.144078949965376,-1.13881590841412,16,-8.865227813323735,43.7302630612881,10.532895647853088,16
1359509,2023,2023-04-25,"Narendra Modi Stadium, Ahmedabad",Ahmedabad,night,207,120,10.35,31.457894467590055,18.15789503601105,3.3019841879878555,30.887594007696872,0.5703004598931827,28,-44.970491486453874,44.68796993134151,-26.530074895330465,28
1359510,2023,2023-04-26,"M Chinnaswamy Stadium, Bengaluru",Bengaluru,night,200,120,10.0,25.08421037008312,61.73684286980602,-3.0716999095190793,25.554293651902608,-0.47008328181948755,19,-1.3915436526589033,59.65650960956409,2.080333260241929,19
1359511,2023,2023-04-27,"Sawai Mansingh Stadium, Jaipur",Jaipur,night,202,120,10.1,27.778947202216084,29.47368510803315,-0.37696307738611523,29.400809730279143,-1.6218625280630583,13,-33.65470141443177,27.9635629512039,1.5101221568292473,13
1359512,2023,2023-04-28,"Punjab Cricket Association IS Bindra Stadium, Mohali, Chandigarh",Chandigarh,night,257,120,12.85,24.299999842105283,47.73684223822713,-3.8559104374969166,23.41403494589106,0.8859648962142224,3,-15.391544284237789,53.771930129270515,-6.035087891043382,3
1359513,2023,2023-04-29,"Eden Gardens, Kolkata",Kolkata,day,179,120,8.95,29.557894657063724,71.00000031578945,-0.8719864348673028,29.540000012631577,0.017894644432146833,5,18.932937227772314,72.33684198559558,-1.3368416698061338,5
1359514,2023,2023-04-29,"Arun Jaitley Stadium, Delhi",Delhi,night,197,120,9.85,24.099999905263168,65.00000031578945,-4.055910374339032,28.066315817229917,-3.966315911966749,20,1.8716137933245278,44.70789481495844,20.292105500831006,20
1359515,2023,2023-04-30,"MA Chidambaram Stadium, Chepauk, Chennai",Chennai,day,200,120,10.0,29.778947296952918,72.10526367313014,-0.6509337949781084,29.578947439058165,0.1999998578947526,6,20.038200585113003,76.29824523176366,-4.1929815586335195,6
1359516,2023,2023-04-30,"Wankhede Stadium, Mumbai",Mumbai,night,212,120,10.6,27.73684204875347,71.89473727423818,-0.4190682308487297,27.884912324395195,-0.14807027564172515,45,8.76635075177326,79.34853774576797,-7.453800471529789,45
1359517,2023,2023-05-01,"Bharat Ratna Shri Atal Bihari Vajpayee Ekana Cricket Stadium, Lucknow",Lucknow,night,126,120,6.3,21.810526272576183,84.4736847922437,-6.345384007026016,28.389210580083095,-6.5786843075069115,20,21.34529826977878,39.68157900720221,44.79210578504149,20
1359518,2023,2023-05-02,"Narendra Modi Stadium, Ahmedabad",Ahmedabad,night,130,120,6.5,27.694736768975076,61.63157919667587,-0.4611735106271233,30.887594007696872,-3.192857238721796,28,-1.4968073257890495,44.68796993134151,16.94360926533436,28
1359519,2023,2023-05-03,"Bharat Ratna Shri Atal Bihari Vajpayee Ekana Cricket Stadium, Lucknow",Lucknow,day,125,116,6.4655172413793105,24.54210524819945,77.78947360110804,-5.887775843731575,31.163157714404456,-6.621052466205004,4,25.722410513090907,39.82894783379497,37.96052576731307,4
1359520,2023,2023-05-03,"Punjab Cricket Association IS Bindra Stadium, Mohali, Chandigarh",Chandigarh,night,214,120,10.7,19.778947233795027,78.26315839335174,-8.376963045807173,23.41403494589106,-3.635087712096034,3,15.134771870886823,53.771930129270515,24.49122826408123,3
1359521,2023,2023-05-04,"Rajiv Gandhi International Stadium, Uppal, Hyderabad",Hyderabad,night,171,120,8.55,25.557894688642666,75.8421052797784,-2.598015590959534,29.144078949965376,-3.5861842613227104,16,12.713718757313472,43.7302630612881,32.111842218490295,16
1359522,2023,2023-05-05,"Sawai Mansingh Stadium, Jaipur",Jaipur,night,118,107,6.616822429906542,27.326315839335177,39.52631552354573,-0.829594440267023,29.400809730279143,-2.074493890943966,13,-23.60207099891919,27.9635629512039,11.562752572341832,13
1359523,2023,2023-05-06,"MA Chidambaram Stadium, Chepauk, Chennai",Chennai,day,139,120,6.95,29.226315776177287,75.36842111911358,-1.203565315753739,29.578947439058165,-0.3526316628808779,6,23.30135803109644,76.29824523176366,-0.9298241126500812,6
1359524,2023,2023-05-06,"Arun Jaitley Stadium, Delhi",Delhi,night,181,120,9.05,25.20526304155126,57.42105311357335,-2.9506472380509408,28.066315817229917,-2.861052775678658,20,-5.7073334088915715,44.70789481495844,12.713158298614907,20
1359525,2023,2023-05-07,"Narendra Modi Stadium, Ahmedabad",Ahmedabad,day,227,120,11.35,39.04736828975071,21.94736832132965,8.617487197819681,35.481578917728534,3.5657893720221736,6,-30.119694766687484,24.98245600184674,-3.035087680517087,6
1359526,2023,2023-05-07,"Sawai Mansingh Stadium, Jaipur",Jaipur,night,214,120,10.7,30.031578722991714,21.947368952908533,1.8756684433895146,29.400809730279143,0.6307689927125715,13,-41.18101756955639,27.9635629512039,-6.016193998295368,13
1359527,2023,2023-05-08,"Eden Gardens, Kolkata",Kolkata,night,179,120,8.95,29.54210518504156,72.4736847922437,1.3861949054393605,28.167631587091414,1.3744735979501463,20,9.34529826977878,77.328947533795,-4.8552627415513,20
1359528,2023,2023-05-09,"Wankhede Stadium, Mumbai",Mumbai,night,199,120,9.95,28.847368384487538,85.47368447645427,0.6914581048853385,27.884912324395195,0.9624560600923431,45,22.345297953989345,79.34853774576797,6.125146730686296,45
1359529,2023,2023-05-10,"MA Chidambaram Stadium, Chepauk, Chennai",Chennai,night,167,120,8.35,28.963157856509703,81.73684255401658,0.8072475769075034,28.75942285384683,0.20373500266287436,31,18.608456031551654,81.26145943597541,0.4753831180411652,31
1359530,2023,2023-05-11,"Eden Gardens, Kolkata",Kolkata,night,149,120,7.45,29.321052481994474,77.89473790581707,1.1651422023922748,28.167631587091414,1.1534208949030607,20,14.766351383352145,77.328947533795,0.5657903720220645,20
1359531,2023,2023-05-12,"Wankhede Stadium, Mumbai",Mumbai,night,218,120,10.9,29.047368416066487,88.68421055955679,0.8914581364642871,27.884912324395195,1.1624560916712916,45,25.555824037091867,79.34853774576797,9.335672813788818,45
1359532,2023,2023-05-13,"Rajiv Gandhi International Stadium, Uppal, Hyderabad",Hyderabad,day,182,120,9.1,34.90526263102499,37.631579512465315,4.475381539093963,31.214736667922455,3.690525963102534,5,-14.435483575551821,46.10526348365648,-8.473683971191164,5
1359533,2023,2023-05-13,"Arun Jaitley Stadium, Delhi",Delhi,night,167,120,8.35,30.7157892825485,27.947368952908533,2.5598790029462997,28.066315817229917,2.6494734653185823,20,-35.18101756955639,44.70789481495844,-16.76052586204991,20
1359534,2023,2023-05-14,"Sawai Mansingh Stadium, Jaipur",Jaipur,day,171,120,8.55,38.44736797396127,13.10526398891958,8.017486882030244,34.1789472495845,4.268420724376767,4,-38.961799099097554,20.197368558171732,-7.092104569252152,4
1359535,2023,2023-05-14,"MA Chidambaram Stadium, Chepauk, Chennai",Chennai,night,144,120,7.2,30.794736863711908,75.78947233795029,2.638826584109708,28.75942285384683,2.035314009865079,31,12.661085815485364,81.26145943597541,-5.471987098025124,31
1359536,2023,2023-05-15,"Narendra Modi Stadium, Ahmedabad",Ahmedabad,night,188,120,9.4,31.573684097506938,60.84210622714672,3.417773817904738,30.887594007696872,0.6860900898100653,28,-2.2862802953181998,44.68796993134151,16.15413629580521,28
1359537,2023,2023-05-16,"Bharat Ratna Shri Atal Bihari Vajpayee Ekana Cricket Stadium, Lucknow",Lucknow,night,177,120,8.85,32.26842089806096,24.368421434903006,4.11251061845876,28.389210580083095,3.879210317977865,20,-38.759965087561916,39.68157900720221,-15.313157572299204,20
1359538,2023,2023-05-17,"Himachal Pradesh Cricket Association Stadium, Dharamsala",Dharamsala,night,213,120,10.65,22.273684129085886,42.105263357340704,-5.882226150516313,20.64210524819945,1.6315788808864369,4,-21.02312316512422,51.592105279778394,-9.48684192243769,4
1359539,2023,2023-05-18,"Rajiv Gandhi International Stadium, Uppal, Hyderabad",Hyderabad,night,186,120,9.3,29.378947170637144,44.78947423268692,1.223036891034944,29.144078949965376,0.2348682206717676,16,-18.338912289778,43.7302630612881,1.0592111713988217,16
1359540,2023,2023-05-19,"Himachal Pradesh Cricket Association Stadium, Dharamsala",Dharamsala,night,187,120,9.35,20.168420992797788,53.999999684210565,-7.987489286804411,20.64210524819945,-0.47368425540166115,4,-9.128386838254357,51.592105279778394,2.40789440443217,4
1359541,2023,2023-05-20,"Arun Jaitley Stadium, Delhi",Delhi,day,223,120,11.15,39.10526300997231,13.578947518005526,8.675381918041285,29.925263325761755,9.179999684210557,5,-38.48811557001161,36.87368409750694,-23.29473657950141,5
1359542,2023,2023-05-20,"Eden Gardens, Kolkata",Kolkata,night,176,120,8.8,28.9473683529086,84.57894783379497,0.7914580733064014,28.167631587091414,0.7797367658171872,20,21.45056131133005,77.328947533795,7.250000299999968,20
1359543,2023,2023-05-21,"Wankhede Stadium, Mumbai",Mumbai,day,200,120,10.0,30.999999873684224,65.47368479224372,0.5701187817531981,29.969590578639586,1.0304092950446382,9,13.40662170422658,69.06432792305321,-3.5906431308094966,9
1359544,2023,2023-05-21,"M Chinnaswamy Stadium, Bengaluru",Bengaluru,night,197,120,9.85,22.563157888088643,88.57894751800552,-5.592752391513557,25.554293651902608,-2.991135763813965,19,25.4505609955406,59.65650960956409,28.92243790844143,19
1370350,2023,2023-05-23,"MA Chidambaram Stadium, Chepauk, Chennai",Chennai,night,172,120,8.6,29.526315776177288,86.52631552354573,1.3704054965750885,28.75942285384683,0.7668929223304595,31,23.39792900108081,81.26145943597541,5.2648560875703225,31
1370351,2023,2023-05-24,"MA Chidambaram Stadium, Chepauk, Chennai",Chennai,night,182,120,9.1,30.09473680055402,79.68421087534622,1.938826520951821,28.75942285384683,1.335313946707192,31,16.555824352881302,81.26145943597541,-1.5772485606291866,31
1370352,2023,2023-05-26,"Narendra Modi Stadium, Ahmedabad",Ahmedabad,night,233,120,11.65,31.821052639889196,60.47368384487539,3.665142360286996,30.887594007696872,0.9334586321923233,28,-2.6547026775895333,44.68796993134151,15.785713913533876,28
1370353,2023,2023-05-29,"Narendra Modi Stadium, Ahmedabad",Ahmedabad,night,214,120,10.7,27.81578944044322,68.73684223822714,-0.34012083915898117,30.887594007696872,-3.071804567253654,28,5.608455715762219,44.68796993134151,24.048872306885627,28
1422119,2024,2024-03-22,"MA Chidambaram Stadium, Chepauk, Chennai",Chennai,night,173,120,8.65,27.163158109141254,81.42105153462614,-0.9927521704609461,28.75942285384683,-1.5962647447055751,31,18.292665012161223,81.26145943597541,0.15959209865073376,31
1422120,2024,2024-03-23,"Maharaja Yadavindra Singh International Cricket Stadium, Mullanpur",Mohali,day,174,120,8.7,17.45263183656507,71.26315807756231,-12.977249255365955,24.826315902493064,-7.373684065927993,2,19.196094989545173,52.5263159972299,18.73684208033241,2
1422121,2024,2024-03-23,"Eden Gardens, Kolkata",Kolkata,night,208,120,10.4,24.16842137174512,89.78947265373971,-3.987488907857081,28.167631587091414,-3.999210215346295,20,26.661086131274786,77.328947533795,12.460525119944705,20
1422122,2024,2024-03-24,"Sawai Mansingh Stadium, Jaipur",Jaipur,day,193,120,9.65,22.742105627146774,37.31578880886433,-7.687775464784252,34.1789472495845,-11.43684162243773,4,-14.751274279152803,20.197368558171732,17.1184202506926,4
1422123,2024,2024-03-24,"Narendra Modi Stadium, Ahmedabad",Ahmedabad,night,168,120,8.4,25.1263159972299,61.315789124653776,-3.029594282372301,30.887594007696872,-5.761278010466974,28,-1.812597397811146,44.68796993134151,16.627819193312263,28
1422124,2024,2024-03-25,"M Chinnaswamy Stadium, Bengaluru",Bengaluru,night,176,120,8.8,21.43157938614954,75.21052387257645,-6.7243308934526596,25.554293651902608,-4.122714265753068,19,12.082137350111523,59.65650960956409,15.554014263012355,19
1422125,2024,2024-03-26,"MA Chidambaram Stadium, Chepauk, Chennai",Chennai,night,206,120,10.3,26.1368424277008,81.78947202216084,-2.0190678519014007,28.75942285384683,-2.6225804261460297,31,18.661085499695915,81.26145943597541,0.5280125861854259,31
1422126,2024,2024-03-27,"Rajiv Gandhi International Stadium, Uppal, Hyderabad",Hyderabad,night,277,120,13.85,24.89473717950135,41.89473601108042,-3.261173100100848,29.144078949965376,-4.249341770464024,16,-21.233650511384504,43.7302630612881,-1.8355270502076806,16
1422127,2024,2024-03-28,"Sawai Mansingh Stadium, Jaipur",Jaipur,night,185,120,9.25,25.078947739058133,43.105262409972376,-3.0769625405440664,29.400809730279143,-4.3218619912210094,13,-20.023124112492546,27.9635629512039,15.141699458768475,13
1422128,2024,2024-03-29,"M Chinnaswamy Stadium, Bengaluru",Bengaluru,night,182,120,9.1,23.563158298614916,66.68420898060958,-4.592751980987284,25.554293651902608,-1.9911353532876923,19,3.555822458144661,59.65650960956409,7.027699371045493,19
1422129,2024,2024-03-30,"Bharat Ratna Shri Atal Bihari Vajpayee Ekana Cricket Stadium, Lucknow",Lucknow,night,199,120,9.95,25.46315823545703,66.4210518504156,-2.6927520441451698,28.389210580083095,-2.926052344626065,20,3.2926653279506723,39.68157900720221,26.739472843213385,20
1422130,2024,2024-03-31,"Narendra Modi Stadium, Ahmedabad",Ahmedabad,day,162,120,8.1,24.684210717451503,46.78947328531861,-5.7456703744795234,35.481578917728534,-10.797368200277031,6,-5.277589802698529,24.98245600184674,21.80701728347187,6
1422131,2024,2024-03-31,"Dr. Y.S. Rajasekhara Reddy ACA-VDCA Cricket Stadium, Visakhapatnam",Visakhapatnam,night,191,120,9.55,27.40000031578944,79.05263009972315,-0.7559099638127584,27.719298419021218,-0.31929810323177676,3,15.924243577258224,80.05263073130203,-1.0000006315788852,3
1422132,2024,2024-04-01,"Wankhede Stadium, Mumbai",Mumbai,night,125,120,6.25,25.96315810914125,82.1578937728533,-2.192752170460949,27.884912324395195,-1.9217542152539444,45,19.029507250388377,79.34853774576797,2.809356027085329,45
1422133,2024,2024-04-02,"M Chinnaswamy Stadium, Bengaluru",Bengaluru,night,181,120,9.05,24.41052658836562,77.47368289750706,-3.7453836912365794,25.554293651902608,-1.1437670635369876,19,14.345296375042139,59.65650960956409,17.81717328794297,19
1422134,2024,2024-04-03,"Dr. Y.S. Rajasekhara Reddy ACA-VDCA Cricket Stadium, Visakhapatnam",Visakhapatnam,night,272,120,13.6,28.210526588365624,83.89473537950154,0.054616308763424826,27.719298419021218,0.4912281693444065,3,20.76634885703662,80.05263073130203,3.842104648199509,3
1422135,2024,2024-04-04,"Narendra Modi Stadium, Ahmedabad",Ahmedabad,night,199,120,9.95,26.5052633573407,55.42105248199448,-1.650646922261501,30.887594007696872,-4.382330650356174,28,-7.7073340404704425,44.68796993134151,10.733082550652966,28
1422136,2024,2024-04-05,"Rajiv Gandhi International Stadium, Uppal, Hyderabad",Hyderabad,night,165,120,8.25,28.168421403324064,53.789472337950286,0.012511123721864692,29.144078949965376,-0.9756575466413118,16,-9.338914184514636,43.7302630612881,10.059209276662187,16
1422137,2024,2024-04-06,"Sawai Mansingh Stadium, Jaipur",Jaipur,night,183,120,9.15,25.031579322991654,31.473683844875385,-3.124330956610546,29.400809730279143,-4.369230407287489,13,-31.654702677589537,27.9635629512039,3.510120893671484,13
1422138,2024,2024-04-07,"Wankhede Stadium, Mumbai",Mumbai,day,234,120,11.7,27.331579228254817,62.89473569529098,-3.098301863676209,29.969590578639586,-2.638011350384769,9,10.827672607273847,69.06432792305321,-6.16959222776223,9
1422139,2024,2024-04-07,"Bharat Ratna Shri Atal Bihari Vajpayee Ekana Cricket Stadium, Lucknow",Lucknow,night,163,120,8.15,23.900000442105217,36.21052576731308,-4.255909837496983,28.389210580083095,-4.489210137977878,20,-26.917860755151843,39.68157900720221,-3.4710532398891303,20
1426260,2024,2024-04-08,"MA Chidambaram Stadium, Chepauk, Chennai",Chennai,night,137,120,6.85,28.24736870027698,88.26315618282567,0.09145842067477972,28.75942285384683,-0.5120541535698493,31,25.134769660360746,81.26145943597541,7.001696746850257,31
1426261,2024,2024-04-09,"Maharaja Yadavindra Singh International Cricket Stadium, Mullanpur",Mohali,night,182,120,9.1,17.5578952886426,59.73684129085881,-10.598014990959598,24.83552643441827,-7.277631145775668,8,-3.391545231606109,44.631579038781155,15.105262252077658,8
1426262,2024,2024-04-10,"Sawai Mansingh Stadium, Jaipur",Jaipur,night,196,120,9.8,26.12631615512462,21.21052608310252,-2.0295941244775797,29.400809730279143,-3.2744935751545228,13,-41.9178604393624,27.9635629512039,-6.753036868101383,13
1426263,2024,2024-04-11,"Wankhede Stadium, Mumbai",Mumbai,night,196,120,9.8,25.357895067589993,87.947366426593,-2.7980152120122064,27.884912324395195,-2.527017256805202,45,24.818979904128085,79.34853774576797,8.598828680825036,45
1426264,2024,2024-04-12,"Bharat Ratna Shri Atal Bihari Vajpayee Ekana Cricket Stadium, Lucknow",Lucknow,night,167,120,8.35,25.910526746260345,38.05263136288091,-2.2453835333418546,28.389210580083095,-2.4786838338227497,20,-25.075755159584013,39.68157900720221,-1.6289476443213005,20
1426265,2024,2024-04-13,"Maharaja Yadavindra Singh International Cricket Stadium, Mullanpur",Mohali,night,147,120,7.35,22.21052680941823,42.94736800554021,-5.94538347018397,24.83552643441827,-2.62499962500004,8,-20.18101851692471,44.631579038781155,-1.684211033240942,8
1426266,2024,2024-04-14,"Eden Gardens, Kolkata",Kolkata,day,161,120,8.05,28.14210565872572,75.05263009972315,-2.287775433205308,29.540000012631577,-1.3978943539058584,5,22.98556701170601,72.33684198559558,2.7157881141275624,5
1426267,2024,2024-04-14,"Wankhede Stadium, Mumbai",Mumbai,night,206,120,10.3,24.60000031578944,85.89473537950154,-3.555909963812759,27.884912324395195,-3.2849120086057546,45,22.76634885703662,79.34853774576797,6.54619763373357,45
1426268,2024,2024-04-15,"M Chinnaswamy Stadium, Bengaluru",Bengaluru,night,287,120,14.35,23.205263578393307,60.63157730193923,-4.950646701208893,25.554293651902608,-2.349030073509301,19,-2.496809220525691,59.65650960956409,0.9750676923751413,19
1426269,2024,2024-04-16,"Eden Gardens, Kolkata",Kolkata,night,223,120,11.15,29.92631609196673,74.99999842105281,1.7704058123645297,28.167631587091414,1.7586845048753155,20,11.871611898587886,77.328947533795,-2.328949112742194,20
1426270,2024,2024-04-17,"Narendra Modi Stadium, Ahmedabad",Ahmedabad,night,89,105,5.085714285714285,29.242105627146778,36.52631520775629,1.086195347544578,30.887594007696872,-1.6454883805500948,28,-26.60207131470863,44.68796993134151,-8.161654723585222,28
1426271,2024,2024-04-18,"Maharaja Yadavindra Singh International Cricket Stadium, Mullanpur",Mohali,night,192,120,9.6,22.72105276620497,53.94736832132965,-5.43485751339723,24.83552643441827,-2.1144736682133,8,-9.181018201135274,44.631579038781155,9.315789282548494,8
1426272,2024,2024-04-19,"Bharat Ratna Shri Atal Bihari Vajpayee Ekana Cricket Stadium, Lucknow",Lucknow,night,176,120,8.8,30.531579291412708,30.47368384487539,2.3756690118105084,28.389210580083095,2.1423687113296133,20,-32.65470267758953,39.68157900720221,-9.207895162326821,20
1426273,2024,2024-04-20,"Arun Jaitley Stadium, Delhi",Delhi,night,266,120,13.3,25.19473711634346,44.99999968421056,-2.9611731632587386,28.066315817229917,-2.871578700886456,20,-18.128386838254364,44.70789481495844,0.292104869252114,20
1426274,2024,2024-04-21,"Eden Gardens, Kolkata",Kolkata,day,222,120,11.1,31.047368763434868,82.1052617783935,0.6174876715038415,29.540000012631577,1.5073687508032911,5,30.038198690376362,72.33684198559558,9.768419792797914,5
1426275,2024,2024-04-21,"Maharaja Yadavindra Singh International Cricket Stadium, Mullanpur",Mohali,night,142,120,7.1,21.03684245927974,63.31578880886434,-7.11906782032246,24.83552643441827,-3.7986839751385304,8,0.18740228639941847,44.631579038781155,18.684209770083186,8
1426276,2024,2024-04-22,"Sawai Mansingh Stadium, Jaipur",Jaipur,night,179,120,8.95,25.489474011634314,33.15789472022161,-2.6664362679678852,29.400809730279143,-3.9113357186448283,13,-29.97049180224331,27.9635629512039,5.194331769017712,13
1426277,2024,2024-04-23,"MA Chidambaram Stadium, Chepauk, Chennai",Chennai,night,210,120,10.5,28.442105500830998,85.84210370083119,0.28619522122879815,28.75942285384683,-0.31731735301583086,31,22.713717178366267,81.26145943597541,4.580644264855778,31
1426278,2024,2024-04-24,"Arun Jaitley Stadium, Delhi",Delhi,night,224,120,11.2,23.436842585595517,49.36841985595581,-4.719067694006682,28.066315817229917,-4.6294732316344,20,-13.759966666509115,44.70789481495844,4.6605250409973635,20
1426279,2024,2024-04-25,"Rajiv Gandhi International Stadium, Uppal, Hyderabad",Hyderabad,night,206,120,10.3,27.668421403324068,48.315788177285455,-0.48748887627813176,29.144078949965376,-1.4756575466413082,16,-14.812598345179467,43.7302630612881,4.585525115997356,16
1426280,2024,2024-04-26,"Eden Gardens, Kolkata",Kolkata,night,261,120,13.05,31.200000315789442,78.84210401662062,3.0440900361872423,28.167631587091414,3.032368728698028,20,15.713717494155702,77.328947533795,1.5131564828256217,20
1426281,2024,2024-04-27,"Arun Jaitley Stadium, Delhi",Delhi,day,257,120,12.85,27.657895067589997,41.94736768975077,-2.771986024341029,29.925263325761755,-2.267368258171757,5,-10.119695398266366,36.87368409750694,5.073683592243832,5
1426282,2024,2024-04-27,"Bharat Ratna Shri Atal Bihari Vajpayee Ekana Cricket Stadium, Lucknow",Lucknow,night,196,120,9.8,30.810526588365622,35.7894732853186,2.6546163087634227,28.389210580083095,2.4213160082825276,20,-27.338913237146322,39.68157900720221,-3.8921057218836097,20
1426283,2024,2024-04-28,"Narendra Modi Stadium, Ahmedabad",Ahmedabad,day,200,120,10.0,29.82105289252075,29.842104648199513,-0.6088281994102758,35.481578917728534,-5.660526025207783,6,-22.224958439817623,24.98245600184674,4.859648646352774,6
1426284,2024,2024-04-28,"MA Chidambaram Stadium, Chepauk, Chennai",Chennai,night,212,120,10.6,28.421052924099694,84.99999842105281,0.2651426444974945,28.75942285384683,-0.33836992974713453,31,21.871611898587886,81.26145943597541,3.7385389850773976,31
1426285,2024,2024-04-29,"Eden Gardens, Kolkata",Kolkata,night,153,120,7.65,31.88947404321325,61.57894562326888,3.733563763611052,28.167631587091414,3.7218424561218377,20,-1.5494408991960427,77.328947533795,-15.750001910526123,20
1426286,2024,2024-04-30,"Bharat Ratna Shri Atal Bihari Vajpayee Ekana Cricket Stadium, Lucknow",Lucknow,night,144,120,7.2,29.289474074792203,27.47368384487539,1.1335637951900033,28.389210580083095,0.9002634947091082,20,-35.65470267758953,39.68157900720221,-12.207895162326821,20
1426287,2024,2024-05-01,"MA Chidambaram Stadium, Chepauk, Chennai",Chennai,night,162,120,8.1,31.24736870027698,76.05263009972315,3.0914584206747797,28.75942285384683,2.4879458464301507,31,12.924243577258224,81.26145943597541,-5.208829336252265,31
1426288,2024,2024-05-02,"Rajiv Gandhi International Stadium, Uppal, Hyderabad",Hyderabad,night,201,120,10.05,29.326316123545674,34.10526209418294,1.170405843943474,29.144078949965376,0.18223717358029745,16,-29.02312442828198,43.7302630612881,-9.625000967105159,16
1426289,2024,2024-05-03,"Wankhede Stadium, Mumbai",Mumbai,night,169,119,8.521008403361344,25.70526342049859,89.15789345706384,-2.4506468591036104,27.884912324395195,-2.179648903896606,45,26.029506934598913,79.34853774576797,9.809355711295865,45
1426290,2024,2024-05-04,"M Chinnaswamy Stadium, Bengaluru",Bengaluru,night,147,117,7.538461538461538,25.573684571191095,85.31578754570658,-2.582225708411105,25.554293651902608,0.019390919288486685,19,22.187401023241662,59.65650960956409,25.659277936142495,19
1426291,2024,2024-05-05,"Himachal Pradesh Cricket Association Stadium, Dharamsala",Dharamsala,day,167,120,8.35,22.221052671468144,32.73684223822713,-8.208828420462883,30.429881091931026,-8.208828420462883,1,-19.330220849790003,52.067063088017136,-19.330220849790003,1
1426292,2024,2024-05-05,"Bharat Ratna Shri Atal Bihari Vajpayee Ekana Cricket Stadium, Lucknow",Lucknow,night,235,120,11.75,29.76842152963984,21.10526272576182,1.6125112500376417,28.389210580083095,1.3792109495567466,20,-42.0231237967031,39.68157900720221,-18.57631628144039,20
1426293,2024,2024-05-06,"Wankhede Stadium, Mumbai",Mumbai,night,173,120,8.65,28.352631804986128,86.73684065927993,0.1967215253839285,27.884912324395195,0.46771948059093305,45,23.608454136815013,79.34853774576797,7.388302913511964,45
1426294,2024,2024-05-07,"Arun Jaitley Stadium, Delhi",Delhi,night,221,120,11.05,29.326316155124616,34.421051850415594,1.170405875522416,28.066315817229917,1.2600003378946987,20,-28.707334672049328,44.70789481495844,-10.28684296454285,20
1426295,2024,2024-05-08,"Rajiv Gandhi International Stadium, Uppal, Hyderabad",Hyderabad,night,165,120,8.25,24.631579196675876,84.1052617783935,-3.5243310829263237,29.144078949965376,-4.5124997532895,16,20.976875255928576,43.7302630612881,40.3749987171054,16
1426296,2024,2024-05-09,"Himachal Pradesh Cricket Association Stadium, Dharamsala",Dharamsala,night,241,120,12.05,21.55789481495844,50.57894783379497,-6.598015464643758,20.64210524819945,0.9157895667589919,4,-12.549438688669952,51.592105279778394,-1.013157445983424,4
1426297,2024,2024-05-10,"Narendra Modi Stadium, Ahmedabad",Ahmedabad,night,231,120,11.55,30.731579133517986,61.26315744598343,2.5756688539157864,30.887594007696872,-0.1560148741788865,28,-1.8652290764814907,44.68796993134151,16.575187514641918,28
1426298,2024,2024-05-11,"Eden Gardens, Kolkata",Kolkata,night,157,96,9.8125,28.978947518005526,84.36842048753469,0.8230372384033267,28.167631587091414,0.8113159309141125,20,21.24003396506977,77.328947533795,7.03947295373969,20
1426299,2024,2024-05-12,"MA Chidambaram Stadium, Chepauk, Chennai",Chennai,day,141,120,7.05,30.25789490969527,77.05263104709147,-0.1719861822357558,29.578947439058165,0.6789474706371053,6,24.98556795907433,76.29824523176366,0.754385815327808,6
1426300,2024,2024-05-12,"M Chinnaswamy Stadium, Bengaluru",Bengaluru,night,187,120,9.35,25.41052658836562,71.0526304155126,-2.7453836912365794,25.554293651902608,-0.14376706353698765,19,7.924243893047674,59.65650960956409,11.396120805948506,19
1426302,2024,2024-05-14,"Arun Jaitley Stadium, Delhi",Delhi,night,208,120,10.4,28.05263199445979,34.6842099279779,-0.10327828514240878,28.066315817229917,-0.013683822770126142,20,-28.44417659448702,44.70789481495844,-10.02368488698054,20
1426303,2024,2024-05-15,"Barsapara Cricket Stadium, Guwahati",Guwahati,night,144,120,7.2,28.452631804986126,76.78947296952917,0.2967215253839264,22.632330789077965,5.820301015908161,7,13.66108644706425,86.38345869647803,-9.593985726948858,7
1426305,2024,2024-05-17,"Wankhede Stadium, Mumbai",Mumbai,night,214,120,10.7,30.110526588365623,65.68420961218847,1.9546163087634234,27.884912324395195,2.225614263970428,45,2.555823089723546,79.34853774576797,-13.664328133579502,45
1426306,2024,2024-05-18,"M Chinnaswamy Stadium, Bengaluru",Bengaluru,night,218,120,10.9,23.152631773407183,93.36842017174524,-5.0032785061950165,25.554293651902608,-2.4016618784954247,19,30.24003364928032,59.65650960956409,33.71191056218115,19
1426307,2024,2024-05-19,"Rajiv Gandhi International Stadium, Uppal, Hyderabad",Hyderabad,day,214,120,10.7,25.015789693074773,88.47368321329651,-5.414091398856254,31.214736667922455,-6.198946974847683,5,36.406620125279375,46.10526348365648,42.36841972964003,5
1426309,2024,2024-05-21,"Narendra Modi Stadium, Ahmedabad",Ahmedabad,night,159,117,8.153846153846153,31.98947388531854,48.10526272576182,3.833563605716339,30.887594007696872,1.1018798776216663,28,-15.023123796703103,44.68796993134151,3.4172927944203053,28
1426310,2024,2024-05-22,"Narendra Modi Stadium, Ahmedabad",Ahmedabad,night,172,120,8.6,32.105263388919646,59.57894657063721,3.949353109317446,30.887594007696872,1.2176693812227732,28,-3.549439951827715,44.68796993134151,14.890976639295694,28
1426311,2024,2024-05-24,"MA Chidambaram Stadium, Chepauk, Chennai",Chennai,night,175,120,8.75,29.694737084764515,81.0526304155126,1.5388268051623157,28.75942285384683,0.9353142309176867,31,17.924243893047674,81.26145943597541,-0.20882902046281515,31
1426312,2024,2024-05-26,"MA Chidambaram Stadium, Chepauk, Chennai",Chennai,night,113,111,6.108108108108108,30.342105342936282,59.63157824930755,2.1861950633340825,28.75942285384683,1.5826824890894535,31,-3.49680827315737,81.26145943597541,-21.62988118666786,31
1473438,2025,2025-03-22,"Eden Gardens, Kolkata",Kolkata,night,174,120,8.7,22.805263073130206,81.4736847922437,-5.350647206471994,28.167631587091414,-5.362368513961208,20,18.34529826977878,77.328947533795,4.1447372584487,20
1473439,2025,2025-03-23,"Rajiv Gandhi International Stadium, Uppal, Hyderabad",Hyderabad,day,286,120,14.3,31.29473654792247,41.47368573961202,0.8648554559914423,31.214736667922455,0.07999988000001323,5,-10.593377348405113,46.10526348365648,-4.631577744044456,5
1473440,2025,2025-03-23,"MA Chidambaram Stadium, Chepauk, Chennai",Chennai,night,155,120,7.75,28.7842104963989,77.26315807756231,0.6283002167966991,28.75942285384683,0.02478764255207011,31,14.134771555097387,81.26145943597541,-3.9983013584131015,31
1473441,2025,2025-03-24,"Dr. Y.S. Rajasekhara Reddy ACA-VDCA Cricket Stadium, Visakhapatnam",Visakhapatnam,night,209,120,10.45,27.547368352908595,77.2105267146814,-0.6085419266936043,27.719298419021218,-0.17193006611262263,3,14.082140192216471,80.05263073130203,-2.842104016620638,3
1473442,2025,2025-03-25,"Narendra Modi Stadium, Ahmedabad",Ahmedabad,night,243,120,12.15,34.8947366426593,16.315789756232657,6.738826363057104,30.887594007696872,4.007142634962431,28,-46.81259676623226,44.68796993134151,-28.372180175108856,28
1473443,2025,2025-03-26,"Barsapara Cricket Stadium, Guwahati",Guwahati,night,151,120,7.55,24.32631564986151,73.0,-3.82959462974069,22.632330789077965,1.6939848607835444,7,9.871613477535078,86.38345869647803,-13.38345869647803,7
1473444,2025,2025-03-27,"Rajiv Gandhi International Stadium, Uppal, Hyderabad",Hyderabad,night,190,120,9.5,31.668420929639904,28.315789756232657,3.5125106500377044,29.144078949965376,2.524341979674528,16,-34.81259676623226,43.7302630612881,-15.414473305055441,16
1473445,2025,2025-03-28,"MA Chidambaram Stadium, Chepauk, Chennai",Chennai,night,196,120,9.8,28.931578880886438,81.36842143490301,0.775668601284238,28.75942285384683,0.17215602703960897,31,18.24003491243809,81.26145943597541,0.10696199892760205,31
1473446,2025,2025-03-29,"Narendra Modi Stadium, Ahmedabad",Ahmedabad,night,196,120,9.8,31.878947170637144,7.526315839335175,3.723036891034944,30.887594007696872,0.9913531629402712,28,-55.602070683129746,44.68796993134151,-37.16165409200634,28
1473447,2025,2025-03-30,"Dr. Y.S. Rajasekhara Reddy ACA-VDCA Cricket Stadium, Visakhapatnam",Visakhapatnam,day,163,112,8.732142857142858,30.83157875457066,67.21052766204973,0.40169766263963425,30.429881091931026,0.40169766263963425,1,15.143464574032592,52.067063088017136,15.143464574032592,1
1473448,2025,2025-03-30,"Barsapara Cricket Stadium, Guwahati",Guwahati,night,182,120,9.1,24.668420898060962,76.68421087534622,-3.4874893815412378,22.632330789077965,2.0360901089829966,7,13.555824352881302,86.38345869647803,-9.699247821131806,7
1473449,2025,2025-03-31,"Wankhede Stadium, Mumbai",Mumbai,night,116,98,7.1020408163265305,31.44736832132965,32.15789535180049,3.291458041727452,27.884912324395195,3.5624559969344567,45,-30.97049117066443,79.34853774576797,-47.19064239396748,45
1473450,2025,2025-04-01,"Bharat Ratna Shri Atal Bihari Vajpayee Ekana Cricket Stadium, Lucknow",Lucknow,night,171,120,8.55,28.294736674238244,15.684210875346226,0.13882639463604463,28.389210580083095,-0.09447390584485049,20,-47.4441756471187,39.68157900720221,-23.997368131855985,20
1473451,2025,2025-04-02,"M Chinnaswamy Stadium, Bengaluru",Bengaluru,night,169,120,8.45,26.69473661108036,51.73684381717434,-1.461173668521841,25.554293651902608,1.1404429591777507,19,-11.391542705290583,59.65650960956409,-7.91966579238975,19
1473452,2025,2025-04-03,"Eden Gardens, Kolkata",Kolkata,night,200,120,10.0,29.410526146260406,69.5263167867035,1.254615866658206,28.167631587091414,1.2428945591689917,20,6.397930264238582,77.328947533795,-7.802630747091499,20
1473453,2025,2025-04-04,"Bharat Ratna Shri Atal Bihari Vajpayee Ekana Cricket Stadium, Lucknow",Lucknow,night,203,120,10.15,29.79999987368423,16.526315839335176,1.644089594082029,28.389210580083095,1.410789293601134,20,-46.602070683129746,39.68157900720221,-23.155263167867034,20
1473454,2025,2025-04-05,"MA Chidambaram Stadium, Chepauk, Chennai",Chennai,day,183,120,9.15,30.210526240997236,66.26315839335176,-0.21935485093379015,29.578947439058165,0.6315788019390709,6,14.196095305334623,76.29824523176366,-10.0350868384119,6
1473455,2025,2025-04-05,"Maharaja Yadavindra Singh International Cricket Stadium, Mullanpur",Mohali,night,205,120,10.25,26.542105153462614,25.631579196675872,-1.6138051261395852,24.83552643441827,1.7065787190443444,8,-37.49680732578905,44.631579038781155,-18.999999842105282,8
1473456,2025,2025-04-08,"Eden Gardens, Kolkata",Kolkata,day,238,120,11.9,30.1210523556787,59.42105342936279,-0.30882873625232676,29.540000012631577,0.5810523430471228,5,7.353990341345657,72.33684198559558,-12.91578855623279,5
1473457,2025,2025-04-06,"Rajiv Gandhi International Stadium, Uppal, Hyderabad",Hyderabad,night,152,120,7.6,27.736841985595582,53.36842143490301,-0.4190682940066175,29.144078949965376,-1.407236964369794,16,-9.759965087561909,43.7302630612881,9.638158373614914,16
1473458,2025,2025-04-07,"Wankhede Stadium, Mumbai",Mumbai,night,221,120,11.05,30.66842096121885,47.84210591135728,2.51251068161665,27.884912324395195,2.7835086368236546,45,-15.286280611107642,79.34853774576797,-31.50643183441069,45
1473459,2025,2025-04-08,"Maharaja Yadavindra Singh International Cricket Stadium, Mullanpur",Mohali,night,219,120,10.95,29.052631362880913,29.578947833794967,0.8967210832787131,24.83552643441827,4.217104928462643,8,-33.54943868866995,44.631579038781155,-15.052631204986188,8
1473460,2025,2025-04-09,"Narendra Modi Stadium, Ahmedabad",Ahmedabad,night,217,120,10.85,37.252631426038796,10.736842238227135,9.096721146436597,30.887594007696872,6.365037418341924,28,-52.39154428423779,44.68796993134151,-33.95112769311438,28
1473461,2025,2025-04-10,"M Chinnaswamy Stadium, Bengaluru",Bengaluru,night,163,120,8.15,27.84210502714684,41.789474864265806,-0.31380525245536006,25.554293651902608,2.2878113752442317,19,-21.338911658199116,59.65650960956409,-17.867034745298284,19
1473462,2025,2025-04-11,"MA Chidambaram Stadium, Chepauk, Chennai",Chennai,night,103,120,5.15,29.28947366426593,81.10526304155125,1.1335633846637307,28.75942285384683,0.5300508104191017,31,17.976876519086332,81.26145943597541,-0.1561963944241569,31
1473463,2025,2025-04-12,"Bharat Ratna Shri Atal Bihari Vajpayee Ekana Cricket Stadium, Lucknow",Lucknow,day,180,120,9.0,31.0105262094183,44.10526398891958,0.580645117487272,31.163157714404456,-0.1526315049861573,4,-7.961799099097554,39.82894783379497,4.276316155124611,4
1473464,2025,2025-04-12,"Rajiv Gandhi International Stadium, Uppal, Hyderabad",Hyderabad,night,245,120,12.25,32.94210502714684,18.36842143490301,4.786194747544638,29.144078949965376,3.7980260771814613,16,-44.75996508756191,43.7302630612881,-25.36184162638509,16
1473465,2025,2025-04-13,"Sawai Mansingh Stadium, Jaipur",Jaipur,day,173,120,8.65,35.189473474792266,17.368421434903006,4.759592382861239,34.1789472495845,1.0105262252077623,4,-34.69864165311413,20.197368558171732,-2.828947123268726,4
1473466,2025,2025-04-13,"Arun Jaitley Stadium, Delhi",Delhi,night,205,120,10.25,29.321052450415532,38.73684286980602,1.1651421708133327,28.066315817229917,1.2547366331856153,20,-24.391543652658903,44.70789481495844,-5.971051945152425,20
1473467,2025,2025-04-14,"Bharat Ratna Shri Atal Bihari Vajpayee Ekana Cricket Stadium, Lucknow",Lucknow,night,166,120,8.3,26.842105153462615,56.42105311357336,-1.3138051261395844,28.389210580083095,-1.5471054266204796,20,-6.707333408891564,39.68157900720221,16.739474106371148,20
1473468,2025,2025-04-15,"Maharaja Yadavindra Singh International Cricket Stadium, Mullanpur",Mohali,night,111,93,7.161290322580645,27.2631578565097,48.052631362880916,-0.8927524230924995,24.83552643441827,2.42763142209143,8,-15.075755159584006,44.631579038781155,3.4210523240997617,8
1473469,2025,2025-04-16,"Arun Jaitley Stadium, Delhi",Delhi,night,188,120,9.4,32.66315776177287,32.47368447645427,4.507247482170673,28.066315817229917,4.596841944542955,20,-30.654702046010655,44.70789481495844,-12.234210338504177,20
1473470,2025,2025-04-17,"Wankhede Stadium, Mumbai",Mumbai,night,162,120,8.1,28.036842080332413,83.21052639889196,-0.11906819926978685,27.884912324395195,0.1519297559372177,45,20.082139876427036,79.34853774576797,3.861988653123987,45
1473471,2025,2025-04-18,"M Chinnaswamy Stadium, Bengaluru",Bengaluru,night,95,84,6.785714285714286,24.873684065927996,72.84210591135728,-3.2822262136742033,25.554293651902608,-0.6806095859746115,19,9.713719388892358,59.65650960956409,13.18559630179319,19
1473472,2025,2025-04-19,"Narendra Modi Stadium, Ahmedabad",Ahmedabad,day,203,120,10.15,39.95263145761774,10.94736832132965,9.522750365686715,35.481578917728534,4.471052539889207,6,-41.11969476668749,24.98245600184674,-14.035087680517089,6
1473473,2025,2025-04-19,"Sawai Mansingh Stadium, Jaipur",Jaipur,night,180,120,9.0,33.19999984210528,14.05263231024923,5.044089562503078,29.400809730279143,3.7991901118261353,13,-49.07575421221569,27.9635629512039,-13.910930640954671,13
1473474,2025,2025-04-20,"Maharaja Yadavindra Singh International Cricket Stadium, Mullanpur",Mohali,day,157,120,7.85,32.19999996842106,33.789473916897485,1.7701188764900344,24.826315902493064,7.373684065927996,2,-18.27758917111965,52.5263159972299,-18.736842080332416,2
1473475,2025,2025-04-20,"Wankhede Stadium, Mumbai",Mumbai,night,176,120,8.8,28.315789440443215,79.68421055955679,0.15987916084101528,27.884912324395195,0.4308771160480198,45,16.555824037091867,79.34853774576797,0.3356728137888183,45
1473476,2025,2025-04-21,"Eden Gardens, Kolkata",Kolkata,night,198,120,9.9,28.98421046481995,87.31578975623266,0.8283001852177492,28.167631587091414,0.816578877728535,20,24.18740323376774,77.328947533795,9.986842222437659,20
1473477,2025,2025-04-22,"Bharat Ratna Shri Atal Bihari Vajpayee Ekana Cricket Stadium, Lucknow",Lucknow,night,159,120,7.95,31.889473474792272,16.315789756232657,3.7335631951900723,28.389210580083095,3.500262894709177,20,-46.81259676623226,39.68157900720221,-23.365789250969552,20
1473478,2025,2025-04-23,"Rajiv Gandhi International Stadium, Uppal, Hyderabad",Hyderabad,night,143,120,7.15,33.82105248199448,31.52631615512462,5.665142202392278,29.144078949965376,4.676973532029102,16,-31.602070367340303,43.7302630612881,-12.20394690616348,16
1473479,2025,2025-04-24,"M Chinnaswamy Stadium, Bengaluru",Bengaluru,night,205,120,10.25,29.868420866482015,34.78947454847636,1.7125105868798158,25.554293651902608,4.314127214579408,19,-28.33891197398856,59.65650960956409,-24.867035061087726,19
1473480,2025,2025-04-25,"MA Chidambaram Stadium, Chepauk, Chennai",Chennai,night,154,119,7.764705882352941,29.98947366426593,80.05263167867035,1.83356338466373,28.75942285384683,1.230050810419101,31,16.92424515620543,81.26145943597541,-1.208827757305059,31
1473481,2025,2025-04-26,"Eden Gardens, Kolkata",Kolkata,night,201,120,10.05,28.884210527977835,81.68421087534622,0.7283002483756356,28.167631587091414,0.7165789408864214,20,18.555824352881302,77.328947533795,4.355263341551222,20
1473482,2025,2025-04-27,"Wankhede Stadium, Mumbai",Mumbai,day,215,120,10.75,30.93684195401664,64.31579038781155,0.506960862085613,29.969590578639586,0.9672513753770531,9,12.24872729979441,69.06432792305321,-4.748537535241667,9
1473483,2025,2025-04-27,"Arun Jaitley Stadium, Delhi",Delhi,night,162,120,8.1,33.58421033850418,16.684210559556785,5.4283000589019785,28.066315817229917,5.517894521274261,20,-46.44417596290813,44.70789481495844,-28.02368425540166,20
1473484,2025,2025-04-28,"Sawai Mansingh Stadium, Jaipur",Jaipur,night,209,120,10.45,32.96315776177287,8.05263167867035,4.80724748217067,29.400809730279143,3.562348031493727,13,-55.07575484379457,27.9635629512039,-19.910931272533553,13
1473485,2025,2025-04-29,"Arun Jaitley Stadium, Delhi",Delhi,night,204,120,10.2,31.59999984210528,33.3157900720221,3.4440895625030805,28.066315817229917,3.533684024875363,20,-29.812596450442825,44.70789481495844,-11.392104742936347,20
1473486,2025,2025-04-30,"MA Chidambaram Stadium, Chepauk, Chennai",Chennai,night,190,116,9.827586206896552,30.136842080332414,77.42105279778391,1.9809318007302146,28.75942285384683,1.3774192264855856,31,14.292666275318993,81.26145943597541,-3.840406638191496,31
1473487,2025,2025-05-01,"Sawai Mansingh Stadium, Jaipur",Jaipur,night,217,120,10.85,32.473684034349056,19.05263199445979,4.317773754746856,29.400809730279143,3.072874304069913,13,-44.075754528005135,27.9635629512039,-8.91093095674411,13
1473488,2025,2025-05-02,"Narendra Modi Stadium, Ahmedabad",Ahmedabad,night,224,120,11.2,36.63157872299171,20.36842175069245,8.475668443389512,30.887594007696872,5.74398471529484,28,-42.759964771772474,44.68796993134151,-24.319548180649065,28
1473489,2025,2025-05-03,"M Chinnaswamy Stadium, Bengaluru",Bengaluru,night,213,120,10.65,27.74210518504156,48.947368321329655,-0.4138050945606402,25.554293651902608,2.1878115331389516,19,-14.181018201135267,59.65650960956409,-10.709141288234434,19
1473490,2025,2025-05-04,"Eden Gardens, Kolkata",Kolkata,day,206,120,10.3,28.83157862825488,74.10526430470902,-1.598302463676145,29.540000012631577,-0.7084213843766953,5,22.03820121669189,72.33684198559558,1.7684223191134407,5
1473491,2025,2025-05-04,"Himachal Pradesh Cricket Association Stadium, Dharamsala",Dharamsala,night,236,120,11.8,18.568421055955678,59.684210243767346,-9.587489223646521,20.64210524819945,-2.073684192243771,4,-3.444176278697576,51.592105279778394,8.092104963988952,4
1473492,2025,2025-05-05,"Rajiv Gandhi International Stadium, Uppal, Hyderabad",Hyderabad,night,133,120,6.65,33.652631489196686,24.789473916897485,5.496721209594487,29.144078949965376,4.50855253923131,16,-38.33891260556744,43.7302630612881,-18.940789144390614,16
1473493,2025,2025-05-06,"Wankhede Stadium, Mumbai",Mumbai,night,155,120,7.75,27.652631583933516,81.36842080332413,-0.5032786956686834,27.884912324395195,-0.2322807404616789,45,18.240034280859206,79.34853774576797,2.0198830575561573,45
1473494,2025,2025-05-07,"Eden Gardens, Kolkata",Kolkata,night,179,120,8.95,29.894736737396137,79.63157982825476,1.7388264577939374,28.167631587091414,1.7271051503047232,20,16.503193305789836,77.328947533795,2.3026322944597553,20
1473497,2025,2025-05-18,"Sawai Mansingh Stadium, Jaipur",Jaipur,day,219,120,10.95,40.33684192243769,13.0,9.906960830506666,34.1789472495845,6.157894672853189,4,-39.067063088017136,20.197368558171732,-7.197368558171732,4
1473498,2025,2025-05-18,"Arun Jaitley Stadium, Delhi",Delhi,night,199,120,9.95,33.273684097506944,49.368421434903006,5.1177738179047445,28.066315817229917,5.207368280277027,20,-13.759965087561916,44.70789481495844,4.660526619944562,20
1473499,2025,2025-05-19,"Bharat Ratna Shri Atal Bihari Vajpayee Ekana Cricket Stadium, Lucknow",Lucknow,night,205,120,10.25,32.06842096121885,52.789473916897485,3.9125106816166486,28.389210580083095,3.6792103811357535,20,-10.338912605567437,39.68157900720221,13.107894909695275,20
1473500,2025,2025-05-20,"Arun Jaitley Stadium, Delhi",Delhi,night,187,120,9.35,33.79999990526317,54.00000031578944,5.644089625660971,28.066315817229917,5.733684088033254,20,-9.12838620667548,44.70789481495844,9.292105500831,20
1473501,2025,2025-05-21,"Wankhede Stadium, Mumbai",Mumbai,night,180,120,9.0,29.105263041551257,83.10526367313014,0.9493527619490578,27.884912324395195,1.2203507171560624,45,19.976877150665217,79.34853774576797,3.7567259273621687,45
1473502,2025,2025-05-22,"Narendra Modi Stadium, Ahmedabad",Ahmedabad,night,235,120,11.75,36.89999984210528,37.631579512465315,8.744089562503081,30.887594007696872,6.012405834408408,28,-25.496807009999607,44.68796993134151,-7.056390418876198,28
1473503,2025,2025-05-23,"Bharat Ratna Shri Atal Bihari Vajpayee Ekana Cricket Stadium, Lucknow",Lucknow,night,231,120,11.55,31.068420961218848,54.52631615512462,2.9125106816166486,28.389210580083095,2.6792103811357535,20,-8.602070367340303,39.68157900720221,14.844737147922409,20
1473504,2025,2025-05-25,"Narendra Modi Stadium, Ahmedabad",Ahmedabad,day,230,120,11.5,41.76842086648202,24.947368637119094,11.338539774550991,35.481578917728534,6.286841948753484,6,-27.11969445089804,24.98245600184674,-0.0350873647276444,6
1473505,2025,2025-05-25,"Arun Jaitley Stadium, Delhi",Delhi,night,278,120,13.9,27.010526240997237,81.3157900720221,-1.1453840386049627,28.066315817229917,-1.05578957623268,20,18.187403549557175,44.70789481495844,36.60789525706365,20
1473506,2025,2025-05-26,"Sawai Mansingh Stadium, Jaipur",Jaipur,night,184,120,9.2,32.18947353795016,46.05263231024923,4.033563258347957,29.400809730279143,2.788663807671014,13,-17.075754212215692,27.9635629512039,18.08906935904533,13
1473507,2025,2025-05-27,"Bharat Ratna Shri Atal Bihari Vajpayee Ekana Cricket Stadium, Lucknow",Lucknow,night,227,120,11.35,33.15263148919668,53.36842143490301,4.9967212095944795,28.389210580083095,4.763420909113584,20,-9.759965087561909,39.68157900720221,13.686842427700803,20
1473508,2025,2025-05-29,"Maharaja Yadavindra Singh International Cricket Stadium, Mullanpur",New Chandigarh,night,101,85,7.129411764705883,32.299999778947395,33.84210749030448,4.1440894993451955,24.83552643441827,7.464473344529125,8,-29.286279032160444,44.631579038781155,-10.789471548476676,8
1473509,2025,2025-05-30,"Maharaja Yadavindra Singh International Cricket Stadium, New Chandigarh",New Chandigarh,night,228,120,11.4,31.315789282548497,34.26315870914119,3.1598790029462975,26.31315773019392,5.0026315523545755,2,-28.865227813323735,48.21052718836556,-13.947368479224373,2
1473510,2025,2025-06-01,"Narendra Modi Stadium, Ahmedabad",Ahmedabad,night,203,120,10.15,31.552631520775627,62.78947391689748,3.3967212411734273,30.887594007696872,0.6650375130787545,28,-0.33891260556744385,44.68796993134151,18.101503985555965,28
1473511,2025,2025-06-03,"Narendra Modi Stadium, Ahmedabad",Ahmedabad,night,190,120,9.5,31.621052545152363,59.421052797783915,3.4651422655501634,30.887594007696872,0.7334585374554905,28,-3.707333724681007,44.68796993134151,14.733082866442402,28
1485779,2025,2025-05-24,"Sawai Mansingh Stadium, Jaipur",Jaipur,night,206,120,10.3,34.12631564986151,33.368421434903006,5.970405370259311,29.400809730279143,4.725505919582368,13,-29.759965087561916,27.9635629512039,5.404858483699105,13
1527674,2026,2026-03-28,"M Chinnaswamy Stadium, Bengaluru",Bengaluru,night,201,120,10.05,28.810526019944632,34.6315801440442,0.6546157403424324,25.554293651902608,3.256232368042024,19,-28.49680637842072,59.65650960956409,-25.02492946551989,19
1527675,2026,2026-03-29,"Wankhede Stadium, Mumbai",Mumbai,night,220,120,11.0,27.299999968421055,76.63157919667587,-0.8559103111811446,27.884912324395195,-0.58491235597414,45,13.50319267421095,79.34853774576797,-2.716958549092098,45
1527676,2026,2026-03-30,"Barsapara Cricket Stadium, Guwahati",Guwahati,night,127,118,6.4576271186440675,21.0263157130194,93.2105267146814,-7.129594566582799,22.632330789077965,-1.606015076058565,7,30.08214019221647,86.38345869647803,6.827068018203363,7
1527677,2026,2026-03-31,"Maharaja Yadavindra Singh International Cricket Stadium, New Chandigarh",New Chandigarh,night,162,120,8.1,21.31052617783935,62.15789566758993,-6.84538410176285,26.31315773019392,-5.002631552354572,2,-0.9704908548749884,48.21052718836556,13.947368479224373,2
1527678,2026,2026-04-01,"Bharat Ratna Shri Atal Bihari Vajpayee Ekana Cricket Stadium, Lucknow",Lucknow,night,141,112,7.553571428571429,30.39999981052634,30.789473916897485,2.244089530924139,28.389210580083095,2.010789230443244,20,-32.33891260556744,39.68157900720221,-8.892105090304725,20
1527679,2026,2026-04-02,"Eden Gardens, Kolkata",Kolkata,night,226,120,11.3,28.88421043324101,80.15789503601106,0.7283001536388092,28.167631587091414,0.716578846149595,20,17.029508513546133,77.328947533795,2.828947502216053,20
1527680,2026,2026-04-03,"MA Chidambaram Stadium, Chepauk, Chennai",Chennai,night,209,120,10.45,28.83157891246538,70.78947391689749,0.6756686328631787,28.75942285384683,0.07215605861854968,31,7.66108739443257,81.26145943597541,-10.471985519077919,31
1527681,2026,2026-04-04,"Arun Jaitley Stadium, Delhi",Delhi,day,162,120,8.1,26.29473673739614,56.684211822714545,-4.135144354534887,29.925263325761755,-3.6305265883656155,5,4.617148734697409,36.87368409750694,19.810527725207606,5
1527682,2026,2026-04-04,"Narendra Modi Stadium, Ahmedabad",Ahmedabad,night,210,120,10.5,29.442105153462617,25.94736863711909,1.286194873860417,30.887594007696872,-1.4454888542342559,28,-37.18101788534583,44.68796993134151,-18.740601294222422,28
1527683,2026,2026-04-05,"Rajiv Gandhi International Stadium, Uppal, Hyderabad",Hyderabad,day,156,120,7.8,33.10000003157894,32.5263152077563,2.6701189396479172,31.214736667922455,1.8852633636564882,5,-19.540747880260838,46.10526348365648,-13.578948275900181,5
1527684,2026,2026-04-05,"M Chinnaswamy Stadium, Bengaluru",Bengaluru,night,250,120,12.5,28.73684198559558,37.47368447645427,0.580931705993379,25.554293651902608,3.1825483336929707,19,-25.654702046010655,59.65650960956409,-22.182825133109823,19
1527686,2026,2026-04-07,"Barsapara Cricket Stadium, Guwahati",Guwahati,night,150,66,13.636363636363637,19.847368416066484,96.8421052797784,-8.308541863535716,22.632330789077965,-2.7849623730114814,7,33.71371875731347,86.38345869647803,10.458646583300364,7
1527687,2026,2026-04-08,"Arun Jaitley Stadium, Delhi",Delhi,night,210,120,10.5,19.39999990526317,73.36842143490301,-8.755910374339031,28.066315817229917,-8.666315911966748,20,10.240034912438091,44.70789481495844,28.66052661994457,20
1527688,2026,2026-04-09,"Eden Gardens, Kolkata",Kolkata,night,181,120,9.05,24.2263157130194,89.05263199445979,-3.9295945665828,28.167631587091414,-3.9413158740720142,20,25.924245471994865,77.328947533795,11.723684460664785,20
1527689,2026,2026-04-10,"Barsapara Cricket Stadium, Guwahati",Guwahati,night,201,120,10.05,19.252631552354575,94.26315807756232,-8.903278727247624,22.632330789077965,-3.37969923672339,7,31.1347715550974,86.38345869647803,7.8796993810842935,7
1527690,2026,2026-04-11,"Maharaja Yadavindra Singh International Cricket Stadium, New Chandigarh",New Chandigarh,day,219,120,10.95,25.531578691412772,47.31579038781154,-4.898302400518254,30.429881091931026,-4.898302400518254,1,-4.751272700205597,52.067063088017136,-4.751272700205597,1
1527691,2026,2026-04-11,"MA Chidambaram Stadium, Chepauk, Chennai",Chennai,night,212,120,10.6,29.063157856509704,82.05263167867037,0.9072475769075048,28.75942285384683,0.3037350026628758,31,18.924245156205444,81.26145943597541,0.7911722426949552,31
1527692,2026,2026-04-12,"Bharat Ratna Shri Atal Bihari Vajpayee Ekana Cricket Stadium, Lucknow",Lucknow,day,164,120,8.2,35.01052608310252,17.94736863711909,4.580644991171493,31.163157714404456,3.8473683686980635,4,-34.119694450898045,39.82894783379497,-21.88157919667588,4
1527693,2026,2026-04-12,"Wankhede Stadium, Mumbai",Mumbai,night,240,120,12.0,28.073684160664826,80.9473686371191,-0.08222611893737408,27.884912324395195,0.18877183626963046,45,17.818982114654176,79.34853774576797,1.5988308913511275,45
1529264,2026,2026-04-13,"Rajiv Gandhi International Stadium, Uppal, Hyderabad",Hyderabad,night,216,120,10.8,33.57368406592799,30.31578944044322,5.417773786325792,29.144078949965376,4.429605115962616,16,-32.8125970820217,43.7302630612881,-13.41447362084488,16
1529265,2026,2026-04-14,"MA Chidambaram Stadium, Chepauk, Chennai",Chennai,night,192,120,9.6,29.0842104963989,79.52631583933518,0.9283002167966998,28.75942285384683,0.3247876425520708,31,16.39792931687026,81.26145943597541,-1.7351435966402278,31
